year,gennme,state,quarter,totalRXImputed
2017,Eszopiclone,AK,1,233
2017,Zaleplon,AK,1,63
2017,Zolpidem Tartrate,AK,1,2338
2017,Eszopiclone,AK,2,276
2017,Zaleplon,AK,2,62
2017,Zolpidem Tartrate,AK,2,2369
2017,Eszopiclone,AK,3,292
2017,Zaleplon,AK,3,66
2017,Zolpidem Tartrate,AK,3,2461
2017,Eszopiclone,AK,4,255
2017,Zaleplon,AK,4,64
2017,Zolpidem Tartrate,AK,4,2147
2017,Eszopiclone,AL,1,381
2017,Zaleplon,AL,1,15
2017,Zolpidem Tartrate,AL,1,3953
2017,Eszopiclone,AL,2,356
2017,Zaleplon,AL,2,22
2017,Zolpidem Tartrate,AL,2,3681
2017,Eszopiclone,AL,3,379
2017,Zaleplon,AL,3,24
2017,Zolpidem Tartrate,AL,3,3653
2017,Eszopiclone,AL,4,393
2017,Zaleplon,AL,4,28
2017,Zolpidem Tartrate,AL,4,3559
2017,Eszopiclone,AR,1,0
2017,Zaleplon,AR,1,477
2017,Zolpidem Tartrate,AR,1,7013
2017,Eszopiclone,AR,2,0
2017,Zaleplon,AR,2,463
2017,Zolpidem Tartrate,AR,2,6868
2017,Eszopiclone,AR,3,0
2017,Zaleplon,AR,3,501
2017,Zolpidem Tartrate,AR,3,6912
2017,Eszopiclone,AR,4,0
2017,Zaleplon,AR,4,455
2017,Zolpidem Tartrate,AR,4,6451
2017,Eszopiclone,AZ,1,1053
2017,Zaleplon,AZ,1,510
2017,Zolpidem Tartrate,AZ,1,18482
2017,Eszopiclone,AZ,2,1133
2017,Zaleplon,AZ,2,491
2017,Zolpidem Tartrate,AZ,2,18248
2017,Eszopiclone,AZ,3,1066
2017,Zaleplon,AZ,3,482
2017,Zolpidem Tartrate,AZ,3,17321
2017,Eszopiclone,AZ,4,1240
2017,Zaleplon,AZ,4,445
2017,Zolpidem Tartrate,AZ,4,15915
2017,Eszopiclone,CA,1,2039
2017,Zaleplon,CA,1,893
2017,Zolpidem Tartrate,CA,1,91331
2017,Eszopiclone,CA,2,2264
2017,Zaleplon,CA,2,881
2017,Zolpidem Tartrate,CA,2,88498
2017,Eszopiclone,CA,3,2162
2017,Zaleplon,CA,3,897
2017,Zolpidem Tartrate,CA,3,77054
2017,Eszopiclone,CA,4,2344
2017,Zaleplon,CA,4,880
2017,Zolpidem Tartrate,CA,4,81057
2017,Eszopiclone,CO,1,2916
2017,Zaleplon,CO,1,468
2017,Zolpidem Tartrate,CO,1,15823
2017,Eszopiclone,CO,2,2822
2017,Zaleplon,CO,2,474
2017,Zolpidem Tartrate,CO,2,15419
2017,Eszopiclone,CO,3,2697
2017,Zaleplon,CO,3,473
2017,Zolpidem Tartrate,CO,3,15079
2017,Eszopiclone,CO,4,2622
2017,Zaleplon,CO,4,434
2017,Zolpidem Tartrate,CO,4,14117
2017,Eszopiclone,CT,1,906
2017,Zaleplon,CT,1,113
2017,Zolpidem Tartrate,CT,1,15964
2017,Eszopiclone,CT,2,959
2017,Zaleplon,CT,2,139
2017,Zolpidem Tartrate,CT,2,15408
2017,Eszopiclone,CT,3,851
2017,Zaleplon,CT,3,128
2017,Zolpidem Tartrate,CT,3,15008
2017,Eszopiclone,CT,4,874
2017,Zaleplon,CT,4,124
2017,Zolpidem Tartrate,CT,4,14669
2017,Eszopiclone,DC,1,0
2017,Zaleplon,DC,1,0
2017,Zolpidem Tartrate,DC,1,2127
2017,Eszopiclone,DC,2,0
2017,Zaleplon,DC,2,0
2017,Zolpidem Tartrate,DC,2,2093
2017,Eszopiclone,DC,3,0
2017,Zaleplon,DC,3,0
2017,Zolpidem Tartrate,DC,3,1873
2017,Eszopiclone,DC,4,0
2017,Zaleplon,DC,4,0
2017,Zolpidem Tartrate,DC,4,1921
2017,Eszopiclone,DE,1,84
2017,Zaleplon,DE,1,42
2017,Zolpidem Tartrate,DE,1,3989
2017,Eszopiclone,DE,2,111
2017,Zaleplon,DE,2,27
2017,Zolpidem Tartrate,DE,2,4391
2017,Eszopiclone,DE,3,106
2017,Zaleplon,DE,3,24
2017,Zolpidem Tartrate,DE,3,3958
2017,Eszopiclone,DE,4,108
2017,Zaleplon,DE,4,0
2017,Zolpidem Tartrate,DE,4,3707
2017,Eszopiclone,FL,1,51
2017,Zaleplon,FL,1,0
2017,Zolpidem Tartrate,FL,1,24729
2017,Eszopiclone,FL,2,55
2017,Zaleplon,FL,2,12
2017,Zolpidem Tartrate,FL,2,29787
2017,Eszopiclone,FL,3,63
2017,Zaleplon,FL,3,0
2017,Zolpidem Tartrate,FL,3,24911
2017,Eszopiclone,FL,4,28
2017,Zaleplon,FL,4,14
2017,Zolpidem Tartrate,FL,4,24089
2017,Eszopiclone,HI,1,22
2017,Zaleplon,HI,1,0
2017,Zolpidem Tartrate,HI,1,4213
2017,Eszopiclone,HI,2,0
2017,Zaleplon,HI,2,0
2017,Zolpidem Tartrate,HI,2,3873
2017,Eszopiclone,HI,3,21
2017,Zaleplon,HI,3,0
2017,Zolpidem Tartrate,HI,3,3050
2017,Eszopiclone,HI,4,13
2017,Zaleplon,HI,4,0
2017,Zolpidem Tartrate,HI,4,2707
2017,Eszopiclone,IA,1,214
2017,Zaleplon,IA,1,116
2017,Zolpidem Tartrate,IA,1,2930
2017,Eszopiclone,IA,2,285
2017,Zaleplon,IA,2,131
2017,Zolpidem Tartrate,IA,2,3226
2017,Eszopiclone,IA,3,380
2017,Zaleplon,IA,3,208
2017,Zolpidem Tartrate,IA,3,3593
2017,Eszopiclone,IA,4,458
2017,Zaleplon,IA,4,283
2017,Zolpidem Tartrate,IA,4,4703
2017,Eszopiclone,ID,1,147
2017,Zaleplon,ID,1,31
2017,Zolpidem Tartrate,ID,1,3594
2017,Eszopiclone,ID,2,164
2017,Zaleplon,ID,2,49
2017,Zolpidem Tartrate,ID,2,3429
2017,Eszopiclone,ID,3,150
2017,Zaleplon,ID,3,32
2017,Zolpidem Tartrate,ID,3,3246
2017,Eszopiclone,ID,4,188
2017,Zaleplon,ID,4,34
2017,Zolpidem Tartrate,ID,4,3228
2017,Eszopiclone,IL,1,306
2017,Zaleplon,IL,1,301
2017,Zolpidem Tartrate,IL,1,27785
2017,Eszopiclone,IL,2,193
2017,Zaleplon,IL,2,190
2017,Zolpidem Tartrate,IL,2,17433
2017,Eszopiclone,IL,3,219
2017,Zaleplon,IL,3,216
2017,Zolpidem Tartrate,IL,3,16694
2017,Eszopiclone,IL,4,257
2017,Zaleplon,IL,4,218
2017,Zolpidem Tartrate,IL,4,16013
2017,Eszopiclone,IN,1,1264
2017,Zaleplon,IN,1,418
2017,Zolpidem Tartrate,IN,1,13011
2017,Eszopiclone,IN,2,1393
2017,Zaleplon,IN,2,321
2017,Zolpidem Tartrate,IN,2,12514
2017,Eszopiclone,IN,3,1371
2017,Zaleplon,IN,3,324
2017,Zolpidem Tartrate,IN,3,12187
2017,Eszopiclone,IN,4,1518
2017,Zaleplon,IN,4,282
2017,Zolpidem Tartrate,IN,4,12007
2017,Eszopiclone,KS,1,293
2017,Zaleplon,KS,1,37
2017,Zolpidem Tartrate,KS,1,4161
2017,Eszopiclone,KS,2,635
2017,Zaleplon,KS,2,185
2017,Zolpidem Tartrate,KS,2,9904
2017,Eszopiclone,KS,3,139
2017,Zaleplon,KS,3,41
2017,Zolpidem Tartrate,KS,3,3599
2017,Eszopiclone,KS,4,175
2017,Zaleplon,KS,4,32
2017,Zolpidem Tartrate,KS,4,3562
2017,Eszopiclone,KY,1,181
2017,Zaleplon,KY,1,71
2017,Zolpidem Tartrate,KY,1,13289
2017,Eszopiclone,KY,2,167
2017,Zaleplon,KY,2,46
2017,Zolpidem Tartrate,KY,2,13284
2017,Eszopiclone,KY,3,202
2017,Zaleplon,KY,3,38
2017,Zolpidem Tartrate,KY,3,12961
2017,Eszopiclone,KY,4,225
2017,Zaleplon,KY,4,72
2017,Zolpidem Tartrate,KY,4,12636
2017,Eszopiclone,LA,1,280
2017,Zaleplon,LA,1,370
2017,Zolpidem Tartrate,LA,1,22089
2017,Eszopiclone,LA,2,289
2017,Zaleplon,LA,2,448
2017,Zolpidem Tartrate,LA,2,25078
2017,Eszopiclone,LA,3,272
2017,Zaleplon,LA,3,465
2017,Zolpidem Tartrate,LA,3,23056
2017,Eszopiclone,LA,4,304
2017,Zaleplon,LA,4,459
2017,Zolpidem Tartrate,LA,4,23002
2017,Eszopiclone,MA,1,388
2017,Zaleplon,MA,1,377
2017,Zolpidem Tartrate,MA,1,19798
2017,Eszopiclone,MA,2,399
2017,Zaleplon,MA,2,382
2017,Zolpidem Tartrate,MA,2,20773
2017,Eszopiclone,MA,3,363
2017,Zaleplon,MA,3,363
2017,Zolpidem Tartrate,MA,3,18299
2017,Eszopiclone,MA,4,327
2017,Zaleplon,MA,4,325
2017,Zolpidem Tartrate,MA,4,17848
2017,Eszopiclone,MD,1,1093
2017,Zaleplon,MD,1,420
2017,Zolpidem Tartrate,MD,1,19571
2017,Eszopiclone,MD,2,1117
2017,Zaleplon,MD,2,414
2017,Zolpidem Tartrate,MD,2,18753
2017,Eszopiclone,MD,3,950
2017,Zaleplon,MD,3,378
2017,Zolpidem Tartrate,MD,3,16863
2017,Eszopiclone,MD,4,1061
2017,Zaleplon,MD,4,389
2017,Zolpidem Tartrate,MD,4,17986
2017,Eszopiclone,ME,1,56
2017,Zaleplon,ME,1,59
2017,Zolpidem Tartrate,ME,1,2283
2017,Eszopiclone,ME,2,24
2017,Zaleplon,ME,2,53
2017,Zolpidem Tartrate,ME,2,2283
2017,Eszopiclone,ME,3,80
2017,Zaleplon,ME,3,58
2017,Zolpidem Tartrate,ME,3,2056
2017,Eszopiclone,ME,4,44
2017,Zaleplon,ME,4,67
2017,Zolpidem Tartrate,ME,4,2043
2017,Eszopiclone,MI,1,624
2017,Zaleplon,MI,1,149
2017,Zolpidem Tartrate,MI,1,23196
2017,Eszopiclone,MI,2,606
2017,Zaleplon,MI,2,179
2017,Zolpidem Tartrate,MI,2,24459
2017,Eszopiclone,MI,3,564
2017,Zaleplon,MI,3,182
2017,Zolpidem Tartrate,MI,3,24205
2017,Eszopiclone,MI,4,556
2017,Zaleplon,MI,4,180
2017,Zolpidem Tartrate,MI,4,21963
2017,Eszopiclone,MN,1,1532
2017,Zaleplon,MN,1,739
2017,Zolpidem Tartrate,MN,1,15650
2017,Eszopiclone,MN,2,1683
2017,Zaleplon,MN,2,876
2017,Zolpidem Tartrate,MN,2,16433
2017,Eszopiclone,MN,3,1818
2017,Zaleplon,MN,3,810
2017,Zolpidem Tartrate,MN,3,15512
2017,Eszopiclone,MN,4,1885
2017,Zaleplon,MN,4,836
2017,Zolpidem Tartrate,MN,4,15535
2017,Eszopiclone,MO,1,2519
2017,Zaleplon,MO,1,394
2017,Zolpidem Tartrate,MO,1,13476
2017,Eszopiclone,MO,2,2470
2017,Zaleplon,MO,2,388
2017,Zolpidem Tartrate,MO,2,12563
2017,Eszopiclone,MO,3,2590
2017,Zaleplon,MO,3,393
2017,Zolpidem Tartrate,MO,3,12928
2017,Eszopiclone,MO,4,2476
2017,Zaleplon,MO,4,381
2017,Zolpidem Tartrate,MO,4,12265
2017,Eszopiclone,MS,1,0
2017,Zaleplon,MS,1,50
2017,Zolpidem Tartrate,MS,1,2302
2017,Eszopiclone,MS,2,0
2017,Zaleplon,MS,2,68
2017,Zolpidem Tartrate,MS,2,2222
2017,Eszopiclone,MS,3,0
2017,Zaleplon,MS,3,64
2017,Zolpidem Tartrate,MS,3,2078
2017,Eszopiclone,MS,4,0
2017,Zaleplon,MS,4,39
2017,Zolpidem Tartrate,MS,4,1987
2017,Eszopiclone,MT,1,170
2017,Zaleplon,MT,1,38
2017,Zolpidem Tartrate,MT,1,4032
2017,Eszopiclone,MT,2,187
2017,Zaleplon,MT,2,47
2017,Zolpidem Tartrate,MT,2,4208
2017,Eszopiclone,MT,3,191
2017,Zaleplon,MT,3,38
2017,Zolpidem Tartrate,MT,3,4103
2017,Eszopiclone,MT,4,206
2017,Zaleplon,MT,4,34
2017,Zolpidem Tartrate,MT,4,4365
2017,Eszopiclone,NC,1,858
2017,Zaleplon,NC,1,170
2017,Zolpidem Tartrate,NC,1,17189
2017,Eszopiclone,NC,2,581
2017,Zaleplon,NC,2,140
2017,Zolpidem Tartrate,NC,2,13845
2017,Eszopiclone,NC,3,430
2017,Zaleplon,NC,3,86
2017,Zolpidem Tartrate,NC,3,15253
2017,Eszopiclone,NC,4,390
2017,Zaleplon,NC,4,39
2017,Zolpidem Tartrate,NC,4,12482
2017,Eszopiclone,ND,1,71
2017,Zaleplon,ND,1,0
2017,Zolpidem Tartrate,ND,1,1454
2017,Eszopiclone,ND,2,60
2017,Zaleplon,ND,2,0
2017,Zolpidem Tartrate,ND,2,1472
2017,Eszopiclone,ND,3,79
2017,Zaleplon,ND,3,0
2017,Zolpidem Tartrate,ND,3,1327
2017,Eszopiclone,ND,4,66
2017,Zaleplon,ND,4,12
2017,Zolpidem Tartrate,ND,4,1361
2017,Eszopiclone,NE,1,159
2017,Zaleplon,NE,1,193
2017,Zolpidem Tartrate,NE,1,3244
2017,Eszopiclone,NE,2,72
2017,Zaleplon,NE,2,185
2017,Zolpidem Tartrate,NE,2,2857
2017,Eszopiclone,NE,3,56
2017,Zaleplon,NE,3,214
2017,Zolpidem Tartrate,NE,3,2925
2017,Eszopiclone,NE,4,48
2017,Zaleplon,NE,4,213
2017,Zolpidem Tartrate,NE,4,2878
2017,Eszopiclone,NH,1,15
2017,Zaleplon,NH,1,28
2017,Zolpidem Tartrate,NH,1,1236
2017,Eszopiclone,NH,2,17
2017,Zaleplon,NH,2,38
2017,Zolpidem Tartrate,NH,2,1230
2017,Eszopiclone,NH,3,12
2017,Zaleplon,NH,3,34
2017,Zolpidem Tartrate,NH,3,1183
2017,Eszopiclone,NH,4,17
2017,Zaleplon,NH,4,62
2017,Zolpidem Tartrate,NH,4,1181
2017,Eszopiclone,NJ,1,326
2017,Zaleplon,NJ,1,977
2017,Zolpidem Tartrate,NJ,1,28851
2017,Eszopiclone,NJ,2,276
2017,Zaleplon,NJ,2,975
2017,Zolpidem Tartrate,NJ,2,27744
2017,Eszopiclone,NJ,3,303
2017,Zaleplon,NJ,3,921
2017,Zolpidem Tartrate,NJ,3,26969
2017,Eszopiclone,NJ,4,263
2017,Zaleplon,NJ,4,890
2017,Zolpidem Tartrate,NJ,4,26008
2017,Eszopiclone,NM,1,222
2017,Zaleplon,NM,1,89
2017,Zolpidem Tartrate,NM,1,8545
2017,Eszopiclone,NM,2,249
2017,Zaleplon,NM,2,83
2017,Zolpidem Tartrate,NM,2,8109
2017,Eszopiclone,NM,3,268
2017,Zaleplon,NM,3,122
2017,Zolpidem Tartrate,NM,3,7727
2017,Eszopiclone,NM,4,277
2017,Zaleplon,NM,4,112
2017,Zolpidem Tartrate,NM,4,6814
2017,Eszopiclone,NV,1,50
2017,Zaleplon,NV,1,100
2017,Zolpidem Tartrate,NV,1,11034
2017,Eszopiclone,NV,2,61
2017,Zaleplon,NV,2,121
2017,Zolpidem Tartrate,NV,2,10503
2017,Eszopiclone,NV,3,83
2017,Zaleplon,NV,3,146
2017,Zolpidem Tartrate,NV,3,9871
2017,Eszopiclone,NV,4,58
2017,Zaleplon,NV,4,160
2017,Zolpidem Tartrate,NV,4,9291
2017,Eszopiclone,NY,1,1603
2017,Zaleplon,NY,1,1118
2017,Zolpidem Tartrate,NY,1,98872
2017,Eszopiclone,NY,2,1667
2017,Zaleplon,NY,2,1288
2017,Zolpidem Tartrate,NY,2,101290
2017,Eszopiclone,NY,3,1646
2017,Zaleplon,NY,3,1205
2017,Zolpidem Tartrate,NY,3,95095
2017,Eszopiclone,NY,4,1529
2017,Zaleplon,NY,4,1160
2017,Zolpidem Tartrate,NY,4,90049
2017,Eszopiclone,OH,1,1778
2017,Zaleplon,OH,1,1303
2017,Zolpidem Tartrate,OH,1,43563
2017,Eszopiclone,OH,2,2172
2017,Zaleplon,OH,2,1576
2017,Zolpidem Tartrate,OH,2,50958
2017,Eszopiclone,OH,3,1559
2017,Zaleplon,OH,3,1140
2017,Zolpidem Tartrate,OH,3,36538
2017,Eszopiclone,OH,4,1498
2017,Zaleplon,OH,4,1152
2017,Zolpidem Tartrate,OH,4,34899
2017,Eszopiclone,OK,1,608
2017,Zaleplon,OK,1,156
2017,Zolpidem Tartrate,OK,1,5910
2017,Eszopiclone,OK,2,601
2017,Zaleplon,OK,2,140
2017,Zolpidem Tartrate,OK,2,5718
2017,Eszopiclone,OK,3,582
2017,Zaleplon,OK,3,122
2017,Zolpidem Tartrate,OK,3,5455
2017,Eszopiclone,OK,4,559
2017,Zaleplon,OK,4,123
2017,Zolpidem Tartrate,OK,4,5433
2017,Eszopiclone,OR,1,55
2017,Zaleplon,OR,1,89
2017,Zolpidem Tartrate,OR,1,6092
2017,Eszopiclone,OR,2,54
2017,Zaleplon,OR,2,139
2017,Zolpidem Tartrate,OR,2,8260
2017,Eszopiclone,OR,3,45
2017,Zaleplon,OR,3,102
2017,Zolpidem Tartrate,OR,3,5353
2017,Eszopiclone,OR,4,60
2017,Zaleplon,OR,4,100
2017,Zolpidem Tartrate,OR,4,5182
2017,Eszopiclone,PA,1,644
2017,Zaleplon,PA,1,1240
2017,Zolpidem Tartrate,PA,1,50341
2017,Eszopiclone,PA,2,1006
2017,Zaleplon,PA,2,1932
2017,Zolpidem Tartrate,PA,2,64188
2017,Eszopiclone,PA,3,738
2017,Zaleplon,PA,3,1232
2017,Zolpidem Tartrate,PA,3,45908
2017,Eszopiclone,PA,4,788
2017,Zaleplon,PA,4,1160
2017,Zolpidem Tartrate,PA,4,44501
2017,Eszopiclone,RI,1,125
2017,Zaleplon,RI,1,162
2017,Zolpidem Tartrate,RI,1,4729
2017,Eszopiclone,RI,2,178
2017,Zaleplon,RI,2,164
2017,Zolpidem Tartrate,RI,2,4805
2017,Eszopiclone,RI,3,257
2017,Zaleplon,RI,3,156
2017,Zolpidem Tartrate,RI,3,4741
2017,Eszopiclone,RI,4,214
2017,Zaleplon,RI,4,130
2017,Zolpidem Tartrate,RI,4,4431
2017,Eszopiclone,SC,1,70
2017,Zaleplon,SC,1,77
2017,Zolpidem Tartrate,SC,1,4104
2017,Eszopiclone,SC,2,40
2017,Zaleplon,SC,2,56
2017,Zolpidem Tartrate,SC,2,3986
2017,Eszopiclone,SC,3,63
2017,Zaleplon,SC,3,87
2017,Zolpidem Tartrate,SC,3,4537
2017,Eszopiclone,SC,4,116
2017,Zaleplon,SC,4,87
2017,Zolpidem Tartrate,SC,4,4673
2017,Eszopiclone,SD,1,74
2017,Zaleplon,SD,1,0
2017,Zolpidem Tartrate,SD,1,843
2017,Eszopiclone,SD,2,51
2017,Zaleplon,SD,2,0
2017,Zolpidem Tartrate,SD,2,774
2017,Eszopiclone,SD,3,47
2017,Zaleplon,SD,3,17
2017,Zolpidem Tartrate,SD,3,701
2017,Eszopiclone,SD,4,60
2017,Zaleplon,SD,4,47
2017,Zolpidem Tartrate,SD,4,725
2017,Eszopiclone,TN,1,22
2017,Zaleplon,TN,1,155
2017,Zolpidem Tartrate,TN,1,3791
2017,Eszopiclone,TN,2,30
2017,Zaleplon,TN,2,127
2017,Zolpidem Tartrate,TN,2,3283
2017,Eszopiclone,TN,3,21
2017,Zaleplon,TN,3,96
2017,Zolpidem Tartrate,TN,3,3179
2017,Eszopiclone,TN,4,81
2017,Zaleplon,TN,4,93
2017,Zolpidem Tartrate,TN,4,2973
2017,Eszopiclone,TX,1,1357
2017,Zaleplon,TX,1,178
2017,Zolpidem Tartrate,TX,1,29112
2017,Eszopiclone,TX,2,1302
2017,Zaleplon,TX,2,187
2017,Zolpidem Tartrate,TX,2,28049
2017,Eszopiclone,TX,3,1310
2017,Zaleplon,TX,3,188
2017,Zolpidem Tartrate,TX,3,27586
2017,Eszopiclone,TX,4,1361
2017,Zaleplon,TX,4,203
2017,Zolpidem Tartrate,TX,4,26615
2017,Eszopiclone,UT,1,122
2017,Zaleplon,UT,1,74
2017,Zolpidem Tartrate,UT,1,4835
2017,Eszopiclone,UT,2,148
2017,Zaleplon,UT,2,63
2017,Zolpidem Tartrate,UT,2,4829
2017,Eszopiclone,UT,3,185
2017,Zaleplon,UT,3,69
2017,Zolpidem Tartrate,UT,3,4672
2017,Eszopiclone,UT,4,143
2017,Zaleplon,UT,4,56
2017,Zolpidem Tartrate,UT,4,4339
2017,Eszopiclone,VA,1,270
2017,Zaleplon,VA,1,115
2017,Zolpidem Tartrate,VA,1,9391
2017,Eszopiclone,VA,2,273
2017,Zaleplon,VA,2,124
2017,Zolpidem Tartrate,VA,2,8678
2017,Eszopiclone,VA,3,265
2017,Zaleplon,VA,3,113
2017,Zolpidem Tartrate,VA,3,8655
2017,Eszopiclone,VA,4,287
2017,Zaleplon,VA,4,99
2017,Zolpidem Tartrate,VA,4,8280
2017,Eszopiclone,VT,1,175
2017,Zaleplon,VT,1,76
2017,Zolpidem Tartrate,VT,1,2474
2017,Eszopiclone,VT,2,161
2017,Zaleplon,VT,2,48
2017,Zolpidem Tartrate,VT,2,2429
2017,Eszopiclone,VT,3,175
2017,Zaleplon,VT,3,54
2017,Zolpidem Tartrate,VT,3,2265
2017,Eszopiclone,VT,4,172
2017,Zaleplon,VT,4,53
2017,Zolpidem Tartrate,VT,4,2236
2017,Eszopiclone,WA,1,426
2017,Zaleplon,WA,1,482
2017,Zolpidem Tartrate,WA,1,18051
2017,Eszopiclone,WA,2,422
2017,Zaleplon,WA,2,533
2017,Zolpidem Tartrate,WA,2,16598
2017,Eszopiclone,WA,3,580
2017,Zaleplon,WA,3,751
2017,Zolpidem Tartrate,WA,3,21487
2017,Eszopiclone,WA,4,381
2017,Zaleplon,WA,4,595
2017,Zolpidem Tartrate,WA,4,15583
2017,Eszopiclone,WI,1,731
2017,Zaleplon,WI,1,760
2017,Zolpidem Tartrate,WI,1,20121
2017,Eszopiclone,WI,2,730
2017,Zaleplon,WI,2,790
2017,Zolpidem Tartrate,WI,2,19155
2017,Eszopiclone,WI,3,591
2017,Zaleplon,WI,3,763
2017,Zolpidem Tartrate,WI,3,18208
2017,Eszopiclone,WI,4,645
2017,Zaleplon,WI,4,787
2017,Zolpidem Tartrate,WI,4,17757
2017,Eszopiclone,WV,1,59
2017,Zaleplon,WV,1,0
2017,Zolpidem Tartrate,WV,1,9553
2017,Eszopiclone,WV,2,154
2017,Zaleplon,WV,2,0
2017,Zolpidem Tartrate,WV,2,10077
2017,Eszopiclone,WV,3,27
2017,Zaleplon,WV,3,0
2017,Zolpidem Tartrate,WV,3,4123
2017,Eszopiclone,WV,4,53
2017,Zaleplon,WV,4,0
2017,Zolpidem Tartrate,WV,4,5567
2017,Eszopiclone,WY,1,0
2017,Zaleplon,WY,1,17
2017,Zolpidem Tartrate,WY,1,491
2017,Eszopiclone,WY,2,0
2017,Zaleplon,WY,2,0
2017,Zolpidem Tartrate,WY,2,492
2017,Eszopiclone,WY,3,0
2017,Zaleplon,WY,3,0
2017,Zolpidem Tartrate,WY,3,417
2017,Eszopiclone,WY,4,0
2017,Zaleplon,WY,4,0
2017,Zolpidem Tartrate,WY,4,413
2018,Eszopiclone,AK,1,270
2018,Zaleplon,AK,1,57
2018,Zolpidem Tartrate,AK,1,2187
2018,Eszopiclone,AK,2,185
2018,Zaleplon,AK,2,26
2018,Zolpidem Tartrate,AK,2,1593
2018,Eszopiclone,AK,3,301
2018,Zaleplon,AK,3,79
2018,Zolpidem Tartrate,AK,3,2439
2018,Eszopiclone,AK,4,230
2018,Zaleplon,AK,4,26
2018,Zolpidem Tartrate,AK,4,1866
2018,Eszopiclone,AL,1,410
2018,Zaleplon,AL,1,19
2018,Zolpidem Tartrate,AL,1,3431
2018,Eszopiclone,AL,2,439
2018,Zaleplon,AL,2,24
2018,Zolpidem Tartrate,AL,2,3158
2018,Eszopiclone,AL,3,441
2018,Zaleplon,AL,3,34
2018,Zolpidem Tartrate,AL,3,3104
2018,Eszopiclone,AL,4,512
2018,Zaleplon,AL,4,36
2018,Zolpidem Tartrate,AL,4,2964
2018,Eszopiclone,AR,1,0
2018,Zaleplon,AR,1,434
2018,Zolpidem Tartrate,AR,1,6327
2018,Eszopiclone,AR,2,0
2018,Zaleplon,AR,2,471
2018,Zolpidem Tartrate,AR,2,6091
2018,Eszopiclone,AR,3,0
2018,Zaleplon,AR,3,471
2018,Zolpidem Tartrate,AR,3,5989
2018,Eszopiclone,AR,4,0
2018,Zaleplon,AR,4,424
2018,Zolpidem Tartrate,AR,4,6100
2018,Eszopiclone,AZ,1,1340
2018,Zaleplon,AZ,1,435
2018,Zolpidem Tartrate,AZ,1,15239
2018,Eszopiclone,AZ,2,1468
2018,Zaleplon,AZ,2,395
2018,Zolpidem Tartrate,AZ,2,14016
2018,Eszopiclone,AZ,3,1107
2018,Zaleplon,AZ,3,311
2018,Zolpidem Tartrate,AZ,3,13505
2018,Eszopiclone,AZ,4,940
2018,Zaleplon,AZ,4,273
2018,Zolpidem Tartrate,AZ,4,12935
2018,Eszopiclone,CA,1,2373
2018,Zaleplon,CA,1,866
2018,Zolpidem Tartrate,CA,1,77760
2018,Eszopiclone,CA,2,2576
2018,Zaleplon,CA,2,871
2018,Zolpidem Tartrate,CA,2,70181
2018,Eszopiclone,CA,3,2653
2018,Zaleplon,CA,3,772
2018,Zolpidem Tartrate,CA,3,66339
2018,Eszopiclone,CA,4,2726
2018,Zaleplon,CA,4,785
2018,Zolpidem Tartrate,CA,4,67715
2018,Eszopiclone,CO,1,2630
2018,Zaleplon,CO,1,479
2018,Zolpidem Tartrate,CO,1,13165
2018,Eszopiclone,CO,2,2758
2018,Zaleplon,CO,2,477
2018,Zolpidem Tartrate,CO,2,12572
2018,Eszopiclone,CO,3,2526
2018,Zaleplon,CO,3,431
2018,Zolpidem Tartrate,CO,3,11720
2018,Eszopiclone,CO,4,2765
2018,Zaleplon,CO,4,436
2018,Zolpidem Tartrate,CO,4,12079
2018,Eszopiclone,CT,1,938
2018,Zaleplon,CT,1,133
2018,Zolpidem Tartrate,CT,1,14275
2018,Eszopiclone,CT,2,869
2018,Zaleplon,CT,2,120
2018,Zolpidem Tartrate,CT,2,13974
2018,Eszopiclone,CT,3,854
2018,Zaleplon,CT,3,92
2018,Zolpidem Tartrate,CT,3,13506
2018,Eszopiclone,CT,4,923
2018,Zaleplon,CT,4,62
2018,Zolpidem Tartrate,CT,4,13316
2018,Eszopiclone,DC,1,0
2018,Zaleplon,DC,1,0
2018,Zolpidem Tartrate,DC,1,1768
2018,Eszopiclone,DC,2,0
2018,Zaleplon,DC,2,0
2018,Zolpidem Tartrate,DC,2,1694
2018,Eszopiclone,DC,3,0
2018,Zaleplon,DC,3,0
2018,Zolpidem Tartrate,DC,3,1635
2018,Eszopiclone,DC,4,0
2018,Zaleplon,DC,4,0
2018,Zolpidem Tartrate,DC,4,1696
2018,Eszopiclone,DE,1,109
2018,Zaleplon,DE,1,18
2018,Zolpidem Tartrate,DE,1,3596
2018,Eszopiclone,DE,2,108
2018,Zaleplon,DE,2,53
2018,Zolpidem Tartrate,DE,2,3730
2018,Eszopiclone,DE,3,124
2018,Zaleplon,DE,3,37
2018,Zolpidem Tartrate,DE,3,3354
2018,Eszopiclone,DE,4,125
2018,Zaleplon,DE,4,22
2018,Zolpidem Tartrate,DE,4,3215
2018,Eszopiclone,FL,1,62
2018,Zaleplon,FL,1,0
2018,Zolpidem Tartrate,FL,1,23712
2018,Eszopiclone,FL,2,51
2018,Zaleplon,FL,2,13
2018,Zolpidem Tartrate,FL,2,22976
2018,Eszopiclone,FL,3,55
2018,Zaleplon,FL,3,19
2018,Zolpidem Tartrate,FL,3,20871
2018,Eszopiclone,FL,4,59
2018,Zaleplon,FL,4,20
2018,Zolpidem Tartrate,FL,4,19360
2018,Eszopiclone,HI,1,14
2018,Zolpidem Tartrate,HI,1,3258
2018,Eszopiclone,HI,2,24
2018,Zaleplon,HI,2,0
2018,Zolpidem Tartrate,HI,2,3158
2018,Eszopiclone,HI,3,25
2018,Zaleplon,HI,3,0
2018,Zolpidem Tartrate,HI,3,2778
2018,Eszopiclone,HI,4,18
2018,Zaleplon,HI,4,0
2018,Zolpidem Tartrate,HI,4,2384
2018,Eszopiclone,IA,1,442
2018,Zaleplon,IA,1,275
2018,Zolpidem Tartrate,IA,1,4040
2018,Eszopiclone,IA,2,446
2018,Zaleplon,IA,2,300
2018,Zolpidem Tartrate,IA,2,4003
2018,Eszopiclone,IA,3,428
2018,Zaleplon,IA,3,268
2018,Zolpidem Tartrate,IA,3,3724
2018,Eszopiclone,IA,4,490
2018,Zaleplon,IA,4,249
2018,Zolpidem Tartrate,IA,4,3754
2018,Eszopiclone,ID,1,157
2018,Zaleplon,ID,1,41
2018,Zolpidem Tartrate,ID,1,3175
2018,Eszopiclone,ID,2,159
2018,Zaleplon,ID,2,25
2018,Zolpidem Tartrate,ID,2,2970
2018,Eszopiclone,ID,3,140
2018,Zaleplon,ID,3,14
2018,Zolpidem Tartrate,ID,3,2865
2018,Eszopiclone,ID,4,210
2018,Zaleplon,ID,4,15
2018,Zolpidem Tartrate,ID,4,3017
2018,Eszopiclone,IL,1,254
2018,Zaleplon,IL,1,219
2018,Zolpidem Tartrate,IL,1,15124
2018,Eszopiclone,IL,2,243
2018,Zaleplon,IL,2,226
2018,Zolpidem Tartrate,IL,2,16906
2018,Eszopiclone,IL,3,230
2018,Zaleplon,IL,3,233
2018,Zolpidem Tartrate,IL,3,17318
2018,Eszopiclone,IL,4,260
2018,Zaleplon,IL,4,264
2018,Zolpidem Tartrate,IL,4,17115
2018,Eszopiclone,IN,1,1501
2018,Zaleplon,IN,1,296
2018,Zolpidem Tartrate,IN,1,11826
2018,Eszopiclone,IN,2,1481
2018,Zaleplon,IN,2,289
2018,Zolpidem Tartrate,IN,2,11246
2018,Eszopiclone,IN,3,1529
2018,Zaleplon,IN,3,268
2018,Zolpidem Tartrate,IN,3,10817
2018,Eszopiclone,IN,4,1592
2018,Zaleplon,IN,4,255
2018,Zolpidem Tartrate,IN,4,10501
2018,Eszopiclone,KS,1,201
2018,Zaleplon,KS,1,29
2018,Zolpidem Tartrate,KS,1,3740
2018,Eszopiclone,KS,2,174
2018,Zaleplon,KS,2,40
2018,Zolpidem Tartrate,KS,2,3626
2018,Eszopiclone,KS,3,198
2018,Zaleplon,KS,3,18
2018,Zolpidem Tartrate,KS,3,3375
2018,Eszopiclone,KS,4,162
2018,Zaleplon,KS,4,16
2018,Zolpidem Tartrate,KS,4,3341
2018,Eszopiclone,KY,1,248
2018,Zaleplon,KY,1,79
2018,Zolpidem Tartrate,KY,1,12349
2018,Eszopiclone,KY,2,245
2018,Zaleplon,KY,2,89
2018,Zolpidem Tartrate,KY,2,11758
2018,Eszopiclone,KY,3,295
2018,Zaleplon,KY,3,91
2018,Zolpidem Tartrate,KY,3,11442
2018,Eszopiclone,KY,4,340
2018,Zaleplon,KY,4,58
2018,Zolpidem Tartrate,KY,4,11294
2018,Eszopiclone,LA,1,382
2018,Zaleplon,LA,1,437
2018,Zolpidem Tartrate,LA,1,22892
2018,Eszopiclone,LA,2,457
2018,Zaleplon,LA,2,412
2018,Zolpidem Tartrate,LA,2,23424
2018,Eszopiclone,LA,3,455
2018,Zaleplon,LA,3,431
2018,Zolpidem Tartrate,LA,3,23518
2018,Eszopiclone,LA,4,471
2018,Zaleplon,LA,4,423
2018,Zolpidem Tartrate,LA,4,23438
2018,Eszopiclone,MA,1,364
2018,Zaleplon,MA,1,304
2018,Zolpidem Tartrate,MA,1,18186
2018,Eszopiclone,MA,2,388
2018,Zaleplon,MA,2,325
2018,Zolpidem Tartrate,MA,2,18950
2018,Eszopiclone,MA,3,378
2018,Zaleplon,MA,3,289
2018,Zolpidem Tartrate,MA,3,16759
2018,Eszopiclone,MA,4,399
2018,Zaleplon,MA,4,287
2018,Zolpidem Tartrate,MA,4,17917
2018,Eszopiclone,MD,1,1102
2018,Zaleplon,MD,1,405
2018,Zolpidem Tartrate,MD,1,17618
2018,Eszopiclone,MD,2,1060
2018,Zaleplon,MD,2,383
2018,Zolpidem Tartrate,MD,2,16637
2018,Eszopiclone,MD,3,1175
2018,Zaleplon,MD,3,361
2018,Zolpidem Tartrate,MD,3,15940
2018,Eszopiclone,MD,4,1132
2018,Zaleplon,MD,4,349
2018,Zolpidem Tartrate,MD,4,15434
2018,Eszopiclone,ME,1,49
2018,Zaleplon,ME,1,57
2018,Zolpidem Tartrate,ME,1,1861
2018,Eszopiclone,ME,2,85
2018,Zaleplon,ME,2,59
2018,Zolpidem Tartrate,ME,2,1952
2018,Eszopiclone,ME,3,79
2018,Zaleplon,ME,3,57
2018,Zolpidem Tartrate,ME,3,1747
2018,Eszopiclone,ME,4,52
2018,Zaleplon,ME,4,27
2018,Zolpidem Tartrate,ME,4,1677
2018,Eszopiclone,MI,1,586
2018,Zaleplon,MI,1,156
2018,Zolpidem Tartrate,MI,1,21463
2018,Eszopiclone,MI,2,541
2018,Zaleplon,MI,2,147
2018,Zolpidem Tartrate,MI,2,19671
2018,Eszopiclone,MI,3,530
2018,Zaleplon,MI,3,73
2018,Zolpidem Tartrate,MI,3,18028
2018,Eszopiclone,MI,4,502
2018,Zaleplon,MI,4,96
2018,Zolpidem Tartrate,MI,4,17049
2018,Eszopiclone,MN,1,1869
2018,Zaleplon,MN,1,864
2018,Zolpidem Tartrate,MN,1,14296
2018,Eszopiclone,MN,2,1876
2018,Zaleplon,MN,2,867
2018,Zolpidem Tartrate,MN,2,14193
2018,Eszopiclone,MN,3,1821
2018,Zaleplon,MN,3,747
2018,Zolpidem Tartrate,MN,3,12864
2018,Eszopiclone,MN,4,1800
2018,Zaleplon,MN,4,806
2018,Zolpidem Tartrate,MN,4,12818
2018,Eszopiclone,MO,1,2413
2018,Zaleplon,MO,1,374
2018,Zolpidem Tartrate,MO,1,11790
2018,Eszopiclone,MO,2,2410
2018,Zaleplon,MO,2,339
2018,Zolpidem Tartrate,MO,2,11263
2018,Eszopiclone,MO,3,2295
2018,Zaleplon,MO,3,353
2018,Zolpidem Tartrate,MO,3,10559
2018,Eszopiclone,MO,4,2172
2018,Zaleplon,MO,4,345
2018,Zolpidem Tartrate,MO,4,10110
2018,Eszopiclone,MS,1,0
2018,Zaleplon,MS,1,46
2018,Zolpidem Tartrate,MS,1,2038
2018,Eszopiclone,MS,2,0
2018,Zaleplon,MS,2,69
2018,Zolpidem Tartrate,MS,2,1885
2018,Eszopiclone,MS,3,0
2018,Zaleplon,MS,3,47
2018,Zolpidem Tartrate,MS,3,1788
2018,Eszopiclone,MS,4,0
2018,Zaleplon,MS,4,17
2018,Zolpidem Tartrate,MS,4,1639
2018,Eszopiclone,MT,1,184
2018,Zaleplon,MT,1,17
2018,Zolpidem Tartrate,MT,1,4091
2018,Eszopiclone,MT,2,198
2018,Zaleplon,MT,2,38
2018,Zolpidem Tartrate,MT,2,4443
2018,Eszopiclone,MT,3,174
2018,Zaleplon,MT,3,67
2018,Zolpidem Tartrate,MT,3,3859
2018,Eszopiclone,MT,4,233
2018,Zaleplon,MT,4,33
2018,Zolpidem Tartrate,MT,4,4526
2018,Eszopiclone,NC,1,494
2018,Zaleplon,NC,1,46
2018,Zolpidem Tartrate,NC,1,13654
2018,Eszopiclone,NC,2,434
2018,Zaleplon,NC,2,39
2018,Zolpidem Tartrate,NC,2,10872
2018,Eszopiclone,NC,3,538
2018,Zaleplon,NC,3,56
2018,Zolpidem Tartrate,NC,3,12325
2018,Eszopiclone,NC,4,487
2018,Zaleplon,NC,4,17
2018,Zolpidem Tartrate,NC,4,10084
2018,Eszopiclone,ND,1,68
2018,Zaleplon,ND,1,0
2018,Zolpidem Tartrate,ND,1,1236
2018,Eszopiclone,ND,2,60
2018,Zaleplon,ND,2,0
2018,Zolpidem Tartrate,ND,2,1186
2018,Eszopiclone,ND,3,30
2018,Zaleplon,ND,3,17
2018,Zolpidem Tartrate,ND,3,1008
2018,Eszopiclone,ND,4,77
2018,Zaleplon,ND,4,14
2018,Zolpidem Tartrate,ND,4,1095
2018,Eszopiclone,NE,1,109
2018,Zaleplon,NE,1,275
2018,Zolpidem Tartrate,NE,1,3240
2018,Eszopiclone,NE,2,74
2018,Zaleplon,NE,2,277
2018,Zolpidem Tartrate,NE,2,3328
2018,Eszopiclone,NE,3,41
2018,Zaleplon,NE,3,244
2018,Zolpidem Tartrate,NE,3,2940
2018,Eszopiclone,NE,4,80
2018,Zaleplon,NE,4,214
2018,Zolpidem Tartrate,NE,4,2738
2018,Eszopiclone,NH,1,20
2018,Zaleplon,NH,1,74
2018,Zolpidem Tartrate,NH,1,1075
2018,Eszopiclone,NH,2,39
2018,Zaleplon,NH,2,64
2018,Zolpidem Tartrate,NH,2,1069
2018,Eszopiclone,NH,3,22
2018,Zaleplon,NH,3,25
2018,Zolpidem Tartrate,NH,3,1030
2018,Eszopiclone,NH,4,71
2018,Zaleplon,NH,4,45
2018,Zolpidem Tartrate,NH,4,1289
2018,Eszopiclone,NJ,1,228
2018,Zaleplon,NJ,1,876
2018,Zolpidem Tartrate,NJ,1,25311
2018,Eszopiclone,NJ,2,190
2018,Zaleplon,NJ,2,816
2018,Zolpidem Tartrate,NJ,2,24742
2018,Eszopiclone,NJ,3,190
2018,Zaleplon,NJ,3,836
2018,Zolpidem Tartrate,NJ,3,24220
2018,Eszopiclone,NJ,4,202
2018,Zaleplon,NJ,4,780
2018,Zolpidem Tartrate,NJ,4,23454
2018,Eszopiclone,NM,1,340
2018,Zaleplon,NM,1,139
2018,Zolpidem Tartrate,NM,1,7443
2018,Eszopiclone,NM,2,340
2018,Zaleplon,NM,2,117
2018,Zolpidem Tartrate,NM,2,6562
2018,Eszopiclone,NM,3,378
2018,Zaleplon,NM,3,115
2018,Zolpidem Tartrate,NM,3,6613
2018,Eszopiclone,NM,4,365
2018,Zaleplon,NM,4,99
2018,Zolpidem Tartrate,NM,4,5738
2018,Eszopiclone,NV,1,84
2018,Zaleplon,NV,1,195
2018,Zolpidem Tartrate,NV,1,8725
2018,Eszopiclone,NV,2,62
2018,Zaleplon,NV,2,173
2018,Zolpidem Tartrate,NV,2,8277
2018,Eszopiclone,NV,3,80
2018,Zaleplon,NV,3,150
2018,Zolpidem Tartrate,NV,3,7548
2018,Eszopiclone,NV,4,84
2018,Zaleplon,NV,4,138
2018,Zolpidem Tartrate,NV,4,7238
2018,Eszopiclone,NY,1,1665
2018,Zaleplon,NY,1,1227
2018,Zolpidem Tartrate,NY,1,91148
2018,Eszopiclone,NY,2,1568
2018,Zaleplon,NY,2,1179
2018,Zolpidem Tartrate,NY,2,85027
2018,Eszopiclone,NY,3,1525
2018,Zaleplon,NY,3,1149
2018,Zolpidem Tartrate,NY,3,83318
2018,Eszopiclone,NY,4,1574
2018,Zaleplon,NY,4,1107
2018,Zolpidem Tartrate,NY,4,81815
2018,Eszopiclone,OH,1,1414
2018,Zaleplon,OH,1,1099
2018,Zolpidem Tartrate,OH,1,33237
2018,Eszopiclone,OH,2,1555
2018,Zaleplon,OH,2,1131
2018,Zolpidem Tartrate,OH,2,33775
2018,Eszopiclone,OH,3,1428
2018,Zaleplon,OH,3,972
2018,Zolpidem Tartrate,OH,3,29564
2018,Eszopiclone,OH,4,1407
2018,Zaleplon,OH,4,931
2018,Zolpidem Tartrate,OH,4,28174
2018,Eszopiclone,OK,1,532
2018,Zaleplon,OK,1,126
2018,Zolpidem Tartrate,OK,1,4966
2018,Eszopiclone,OK,2,587
2018,Zaleplon,OK,2,138
2018,Zolpidem Tartrate,OK,2,4815
2018,Eszopiclone,OK,3,570
2018,Zaleplon,OK,3,132
2018,Zolpidem Tartrate,OK,3,4435
2018,Eszopiclone,OK,4,637
2018,Zaleplon,OK,4,126
2018,Zolpidem Tartrate,OK,4,4285
2018,Eszopiclone,OR,1,53
2018,Zaleplon,OR,1,122
2018,Zolpidem Tartrate,OR,1,5051
2018,Eszopiclone,OR,2,35
2018,Zaleplon,OR,2,124
2018,Zolpidem Tartrate,OR,2,4991
2018,Eszopiclone,OR,3,20
2018,Zaleplon,OR,3,117
2018,Zolpidem Tartrate,OR,3,4685
2018,Eszopiclone,OR,4,45
2018,Zaleplon,OR,4,112
2018,Zolpidem Tartrate,OR,4,4589
2018,Eszopiclone,PA,1,967
2018,Zaleplon,PA,1,1125
2018,Zolpidem Tartrate,PA,1,44021
2018,Eszopiclone,PA,2,1000
2018,Zaleplon,PA,2,1148
2018,Zolpidem Tartrate,PA,2,42083
2018,Eszopiclone,PA,3,1001
2018,Zaleplon,PA,3,1144
2018,Zolpidem Tartrate,PA,3,40222
2018,Eszopiclone,PA,4,1046
2018,Zaleplon,PA,4,985
2018,Zolpidem Tartrate,PA,4,38840
2018,Eszopiclone,RI,1,202
2018,Zaleplon,RI,1,119
2018,Zolpidem Tartrate,RI,1,4417
2018,Eszopiclone,RI,2,207
2018,Zaleplon,RI,2,142
2018,Zolpidem Tartrate,RI,2,4229
2018,Eszopiclone,RI,3,224
2018,Zaleplon,RI,3,162
2018,Zolpidem Tartrate,RI,3,4237
2018,Eszopiclone,RI,4,250
2018,Zaleplon,RI,4,133
2018,Zolpidem Tartrate,RI,4,4081
2018,Eszopiclone,SC,1,128
2018,Zaleplon,SC,1,102
2018,Zolpidem Tartrate,SC,1,4780
2018,Eszopiclone,SC,2,134
2018,Zaleplon,SC,2,108
2018,Zolpidem Tartrate,SC,2,2786
2018,Eszopiclone,SC,3,135
2018,Zaleplon,SC,3,63
2018,Zolpidem Tartrate,SC,3,2553
2018,Eszopiclone,SC,4,192
2018,Zaleplon,SC,4,59
2018,Zolpidem Tartrate,SC,4,2476
2018,Eszopiclone,SD,1,68
2018,Zaleplon,SD,1,16
2018,Zolpidem Tartrate,SD,1,745
2018,Eszopiclone,SD,2,73
2018,Zaleplon,SD,2,18
2018,Zolpidem Tartrate,SD,2,740
2018,Eszopiclone,SD,3,50
2018,Zaleplon,SD,3,14
2018,Zolpidem Tartrate,SD,3,686
2018,Eszopiclone,SD,4,68
2018,Zaleplon,SD,4,0
2018,Zolpidem Tartrate,SD,4,632
2018,Eszopiclone,TN,1,127
2018,Zaleplon,TN,1,51
2018,Zolpidem Tartrate,TN,1,2599
2018,Eszopiclone,TN,2,138
2018,Zaleplon,TN,2,63
2018,Zolpidem Tartrate,TN,2,2325
2018,Eszopiclone,TN,3,169
2018,Zaleplon,TN,3,40
2018,Zolpidem Tartrate,TN,3,2191
2018,Eszopiclone,TN,4,188
2018,Zaleplon,TN,4,13
2018,Zolpidem Tartrate,TN,4,1974
2018,Eszopiclone,TX,1,1298
2018,Zaleplon,TX,1,190
2018,Zolpidem Tartrate,TX,1,25606
2018,Eszopiclone,TX,2,1241
2018,Zaleplon,TX,2,195
2018,Zolpidem Tartrate,TX,2,24809
2018,Eszopiclone,TX,3,1227
2018,Zaleplon,TX,3,153
2018,Zolpidem Tartrate,TX,3,23783
2018,Eszopiclone,TX,4,1193
2018,Zaleplon,TX,4,145
2018,Zolpidem Tartrate,TX,4,22864
2018,Eszopiclone,UT,1,201
2018,Zaleplon,UT,1,64
2018,Zolpidem Tartrate,UT,1,4268
2018,Eszopiclone,UT,2,203
2018,Zaleplon,UT,2,69
2018,Zolpidem Tartrate,UT,2,4128
2018,Eszopiclone,UT,3,177
2018,Zaleplon,UT,3,67
2018,Zolpidem Tartrate,UT,3,3809
2018,Eszopiclone,UT,4,221
2018,Zaleplon,UT,4,80
2018,Zolpidem Tartrate,UT,4,3712
2018,Eszopiclone,VA,1,314
2018,Zaleplon,VA,1,94
2018,Zolpidem Tartrate,VA,1,8594
2018,Eszopiclone,VA,2,340
2018,Zaleplon,VA,2,63
2018,Zolpidem Tartrate,VA,2,7768
2018,Eszopiclone,VA,3,332
2018,Zaleplon,VA,3,69
2018,Zolpidem Tartrate,VA,3,7763
2018,Eszopiclone,VA,4,358
2018,Zaleplon,VA,4,33
2018,Zolpidem Tartrate,VA,4,7610
2018,Eszopiclone,VT,1,155
2018,Zaleplon,VT,1,70
2018,Zolpidem Tartrate,VT,1,2192
2018,Eszopiclone,VT,2,149
2018,Zaleplon,VT,2,68
2018,Zolpidem Tartrate,VT,2,2016
2018,Eszopiclone,VT,3,130
2018,Zaleplon,VT,3,45
2018,Zolpidem Tartrate,VT,3,1858
2018,Eszopiclone,VT,4,102
2018,Zaleplon,VT,4,56
2018,Zolpidem Tartrate,VT,4,1779
2018,Eszopiclone,WA,1,489
2018,Zaleplon,WA,1,621
2018,Zolpidem Tartrate,WA,1,15513
2018,Eszopiclone,WA,2,494
2018,Zaleplon,WA,2,621
2018,Zolpidem Tartrate,WA,2,14714
2018,Eszopiclone,WA,3,472
2018,Zaleplon,WA,3,638
2018,Zolpidem Tartrate,WA,3,14071
2018,Eszopiclone,WA,4,477
2018,Zaleplon,WA,4,644
2018,Zolpidem Tartrate,WA,4,13641
2018,Eszopiclone,WI,1,941
2018,Zaleplon,WI,1,659
2018,Zolpidem Tartrate,WI,1,17391
2018,Eszopiclone,WI,2,1013
2018,Zaleplon,WI,2,611
2018,Zolpidem Tartrate,WI,2,16476
2018,Eszopiclone,WI,3,1073
2018,Zaleplon,WI,3,557
2018,Zolpidem Tartrate,WI,3,15653
2018,Eszopiclone,WI,4,1143
2018,Zaleplon,WI,4,634
2018,Zolpidem Tartrate,WI,4,15372
2018,Eszopiclone,WV,1,31
2018,Zaleplon,WV,1,0
2018,Zolpidem Tartrate,WV,1,5026
2018,Eszopiclone,WV,2,32
2018,Zaleplon,WV,2,0
2018,Zolpidem Tartrate,WV,2,4567
2018,Eszopiclone,WV,3,26
2018,Zaleplon,WV,3,0
2018,Zolpidem Tartrate,WV,3,4262
2018,Eszopiclone,WV,4,14
2018,Zaleplon,WV,4,0
2018,Zolpidem Tartrate,WV,4,3991
2018,Eszopiclone,WY,1,0
2018,Zaleplon,WY,1,0
2018,Zolpidem Tartrate,WY,1,397
2018,Eszopiclone,WY,2,0
2018,Zaleplon,WY,2,0
2018,Zolpidem Tartrate,WY,2,378
2018,Eszopiclone,WY,3,0
2018,Zaleplon,WY,3,0
2018,Zolpidem Tartrate,WY,3,403
2018,Eszopiclone,WY,4,0
2018,Zaleplon,WY,4,0
2018,Zolpidem Tartrate,WY,4,375
2019,Eszopiclone,AK,1,220
2019,Zaleplon,AK,1,45
2019,Zolpidem Tartrate,AK,1,1926
2019,Eszopiclone,AK,2,217
2019,Zaleplon,AK,2,39
2019,Zolpidem Tartrate,AK,2,1800
2019,Eszopiclone,AK,3,237
2019,Zaleplon,AK,3,49
2019,Zolpidem Tartrate,AK,3,1640
2019,Eszopiclone,AK,4,179
2019,Zaleplon,AK,4,55
2019,Zolpidem Tartrate,AK,4,1447
2019,Eszopiclone,AL,1,455
2019,Zaleplon,AL,1,29
2019,Zolpidem Tartrate,AL,1,2941
2019,Eszopiclone,AL,2,471
2019,Zaleplon,AL,2,12
2019,Zolpidem Tartrate,AL,2,2781
2019,Eszopiclone,AL,3,458
2019,Zaleplon,AL,3,0
2019,Zolpidem Tartrate,AL,3,2254
2019,Eszopiclone,AL,4,477
2019,Zaleplon,AL,4,15
2019,Zolpidem Tartrate,AL,4,2259
2019,Eszopiclone,AR,1,0
2019,Zaleplon,AR,1,408
2019,Zolpidem Tartrate,AR,1,5737
2019,Eszopiclone,AR,2,0
2019,Zaleplon,AR,2,439
2019,Zolpidem Tartrate,AR,2,5773
2019,Eszopiclone,AR,3,0
2019,Zaleplon,AR,3,385
2019,Zolpidem Tartrate,AR,3,5438
2019,Eszopiclone,AR,4,0
2019,Zaleplon,AR,4,394
2019,Zolpidem Tartrate,AR,4,5125
2019,Eszopiclone,AZ,1,909
2019,Zaleplon,AZ,1,233
2019,Zolpidem Tartrate,AZ,1,12821
2019,Eszopiclone,AZ,2,915
2019,Zaleplon,AZ,2,197
2019,Zolpidem Tartrate,AZ,2,12199
2019,Eszopiclone,AZ,3,834
2019,Zaleplon,AZ,3,199
2019,Zolpidem Tartrate,AZ,3,11588
2019,Eszopiclone,AZ,4,780
2019,Zaleplon,AZ,4,139
2019,Zolpidem Tartrate,AZ,4,11064
2019,Eszopiclone,CA,1,2721
2019,Zaleplon,CA,1,791
2019,Zolpidem Tartrate,CA,1,62598
2019,Eszopiclone,CA,2,2854
2019,Zaleplon,CA,2,717
2019,Zolpidem Tartrate,CA,2,60552
2019,Eszopiclone,CA,3,2671
2019,Zaleplon,CA,3,628
2019,Zolpidem Tartrate,CA,3,57657
2019,Eszopiclone,CA,4,2660
2019,Zaleplon,CA,4,642
2019,Zolpidem Tartrate,CA,4,55360
2019,Eszopiclone,CO,1,2257
2019,Zaleplon,CO,1,362
2019,Zolpidem Tartrate,CO,1,10162
2019,Eszopiclone,CO,2,2327
2019,Zaleplon,CO,2,317
2019,Zolpidem Tartrate,CO,2,10414
2019,Eszopiclone,CO,3,2408
2019,Zaleplon,CO,3,382
2019,Zolpidem Tartrate,CO,3,10617
2019,Eszopiclone,CO,4,2223
2019,Zaleplon,CO,4,323
2019,Zolpidem Tartrate,CO,4,9510
2019,Eszopiclone,CT,1,932
2019,Zaleplon,CT,1,56
2019,Zolpidem Tartrate,CT,1,13202
2019,Eszopiclone,CT,2,927
2019,Zaleplon,CT,2,53
2019,Zolpidem Tartrate,CT,2,12767
2019,Eszopiclone,CT,3,880
2019,Zaleplon,CT,3,65
2019,Zolpidem Tartrate,CT,3,12120
2019,Eszopiclone,CT,4,892
2019,Zaleplon,CT,4,50
2019,Zolpidem Tartrate,CT,4,11740
2019,Eszopiclone,DC,1,0
2019,Zaleplon,DC,1,0
2019,Zolpidem Tartrate,DC,1,1598
2019,Eszopiclone,DC,2,0
2019,Zaleplon,DC,2,0
2019,Zolpidem Tartrate,DC,2,1529
2019,Eszopiclone,DC,3,0
2019,Zaleplon,DC,3,0
2019,Zolpidem Tartrate,DC,3,1539
2019,Eszopiclone,DC,4,0
2019,Zaleplon,DC,4,0
2019,Zolpidem Tartrate,DC,4,1475
2019,Eszopiclone,DE,1,117
2019,Zaleplon,DE,1,54
2019,Zolpidem Tartrate,DE,1,3158
2019,Eszopiclone,DE,2,120
2019,Zaleplon,DE,2,62
2019,Zolpidem Tartrate,DE,2,3208
2019,Eszopiclone,DE,3,126
2019,Zaleplon,DE,3,64
2019,Zolpidem Tartrate,DE,3,3154
2019,Eszopiclone,DE,4,84
2019,Zaleplon,DE,4,75
2019,Zolpidem Tartrate,DE,4,3022
2019,Eszopiclone,FL,1,139
2019,Zaleplon,FL,1,57
2019,Zolpidem Tartrate,FL,1,15520
2019,Eszopiclone,FL,2,90
2019,Zaleplon,FL,2,140
2019,Zolpidem Tartrate,FL,2,15235
2019,Eszopiclone,FL,3,59
2019,Zaleplon,FL,3,183
2019,Zolpidem Tartrate,FL,3,14208
2019,Eszopiclone,FL,4,66
2019,Zaleplon,FL,4,134
2019,Zolpidem Tartrate,FL,4,13697
2019,Eszopiclone,HI,1,12
2019,Zaleplon,HI,1,0
2019,Zolpidem Tartrate,HI,1,2518
2019,Eszopiclone,HI,2,0
2019,Zolpidem Tartrate,HI,2,2303
2019,Eszopiclone,HI,3,13
2019,Zaleplon,HI,3,0
2019,Zolpidem Tartrate,HI,3,2302
2019,Eszopiclone,HI,4,13
2019,Zolpidem Tartrate,HI,4,2224
2019,Eszopiclone,IA,1,520
2019,Zaleplon,IA,1,241
2019,Zolpidem Tartrate,IA,1,3713
2019,Eszopiclone,IA,2,525
2019,Zaleplon,IA,2,257
2019,Zolpidem Tartrate,IA,2,3584
2019,Eszopiclone,IA,3,529
2019,Zaleplon,IA,3,209
2019,Zolpidem Tartrate,IA,3,3493
2019,Eszopiclone,IA,4,503
2019,Zaleplon,IA,4,177
2019,Zolpidem Tartrate,IA,4,3308
2019,Eszopiclone,ID,1,195
2019,Zaleplon,ID,1,15
2019,Zolpidem Tartrate,ID,1,2525
2019,Eszopiclone,ID,2,194
2019,Zaleplon,ID,2,15
2019,Zolpidem Tartrate,ID,2,2718
2019,Eszopiclone,ID,3,189
2019,Zaleplon,ID,3,18
2019,Zolpidem Tartrate,ID,3,2880
2019,Eszopiclone,ID,4,160
2019,Zaleplon,ID,4,20
2019,Zolpidem Tartrate,ID,4,2519
2019,Eszopiclone,IL,1,268
2019,Zaleplon,IL,1,290
2019,Zolpidem Tartrate,IL,1,16732
2019,Eszopiclone,IL,2,281
2019,Zaleplon,IL,2,279
2019,Zolpidem Tartrate,IL,2,16663
2019,Eszopiclone,IL,3,269
2019,Zaleplon,IL,3,307
2019,Zolpidem Tartrate,IL,3,16758
2019,Eszopiclone,IL,4,282
2019,Zaleplon,IL,4,296
2019,Zolpidem Tartrate,IL,4,16259
2019,Eszopiclone,IN,1,1592
2019,Zaleplon,IN,1,289
2019,Zolpidem Tartrate,IN,1,10184
2019,Eszopiclone,IN,2,1511
2019,Zaleplon,IN,2,261
2019,Zolpidem Tartrate,IN,2,10131
2019,Eszopiclone,IN,3,1590
2019,Zaleplon,IN,3,248
2019,Zolpidem Tartrate,IN,3,9889
2019,Eszopiclone,IN,4,1620
2019,Zaleplon,IN,4,221
2019,Zolpidem Tartrate,IN,4,9783
2019,Eszopiclone,KS,1,178
2019,Zaleplon,KS,1,13
2019,Zolpidem Tartrate,KS,1,3162
2019,Eszopiclone,KS,2,175
2019,Zaleplon,KS,2,18
2019,Zolpidem Tartrate,KS,2,3096
2019,Eszopiclone,KS,3,181
2019,Zaleplon,KS,3,37
2019,Zolpidem Tartrate,KS,3,2951
2019,Eszopiclone,KS,4,164
2019,Zaleplon,KS,4,30
2019,Zolpidem Tartrate,KS,4,2858
2019,Eszopiclone,KY,1,309
2019,Zaleplon,KY,1,42
2019,Zolpidem Tartrate,KY,1,10678
2019,Eszopiclone,KY,2,326
2019,Zaleplon,KY,2,41
2019,Zolpidem Tartrate,KY,2,10051
2019,Eszopiclone,KY,3,320
2019,Zaleplon,KY,3,39
2019,Zolpidem Tartrate,KY,3,9881
2019,Eszopiclone,KY,4,264
2019,Zaleplon,KY,4,43
2019,Zolpidem Tartrate,KY,4,9418
2019,Eszopiclone,LA,1,500
2019,Zaleplon,LA,1,375
2019,Zolpidem Tartrate,LA,1,23246
2019,Eszopiclone,LA,2,493
2019,Zaleplon,LA,2,202
2019,Zolpidem Tartrate,LA,2,21816
2019,Eszopiclone,LA,3,578
2019,Zaleplon,LA,3,90
2019,Zolpidem Tartrate,LA,3,21756
2019,Eszopiclone,LA,4,545
2019,Zaleplon,LA,4,90
2019,Zolpidem Tartrate,LA,4,20937
2019,Eszopiclone,MA,1,415
2019,Zaleplon,MA,1,255
2019,Zolpidem Tartrate,MA,1,16361
2019,Eszopiclone,MA,2,454
2019,Zaleplon,MA,2,316
2019,Zolpidem Tartrate,MA,2,17994
2019,Eszopiclone,MA,3,489
2019,Zaleplon,MA,3,285
2019,Zolpidem Tartrate,MA,3,15824
2019,Eszopiclone,MA,4,556
2019,Zaleplon,MA,4,257
2019,Zolpidem Tartrate,MA,4,15882
2019,Eszopiclone,MD,1,1138
2019,Zaleplon,MD,1,325
2019,Zolpidem Tartrate,MD,1,15607
2019,Eszopiclone,MD,2,1041
2019,Zaleplon,MD,2,337
2019,Zolpidem Tartrate,MD,2,14766
2019,Eszopiclone,MD,3,1022
2019,Zaleplon,MD,3,280
2019,Zolpidem Tartrate,MD,3,13160
2019,Eszopiclone,MD,4,1083
2019,Zaleplon,MD,4,269
2019,Zolpidem Tartrate,MD,4,14110
2019,Eszopiclone,ME,1,34
2019,Zaleplon,ME,1,27
2019,Zolpidem Tartrate,ME,1,1629
2019,Eszopiclone,ME,2,84
2019,Zaleplon,ME,2,18
2019,Zolpidem Tartrate,ME,2,1838
2019,Eszopiclone,ME,3,92
2019,Zaleplon,ME,3,20
2019,Zolpidem Tartrate,ME,3,1880
2019,Eszopiclone,ME,4,107
2019,Zaleplon,ME,4,18
2019,Zolpidem Tartrate,ME,4,1836
2019,Eszopiclone,MI,1,517
2019,Zaleplon,MI,1,109
2019,Zolpidem Tartrate,MI,1,16765
2019,Eszopiclone,MI,2,483
2019,Zaleplon,MI,2,95
2019,Zolpidem Tartrate,MI,2,15404
2019,Eszopiclone,MI,3,484
2019,Zaleplon,MI,3,72
2019,Zolpidem Tartrate,MI,3,14588
2019,Eszopiclone,MI,4,500
2019,Zaleplon,MI,4,71
2019,Zolpidem Tartrate,MI,4,14016
2019,Eszopiclone,MN,1,1794
2019,Zaleplon,MN,1,752
2019,Zolpidem Tartrate,MN,1,11837
2019,Eszopiclone,MN,2,1884
2019,Zaleplon,MN,2,733
2019,Zolpidem Tartrate,MN,2,12056
2019,Eszopiclone,MN,3,1922
2019,Zaleplon,MN,3,705
2019,Zolpidem Tartrate,MN,3,11178
2019,Eszopiclone,MN,4,2038
2019,Zaleplon,MN,4,700
2019,Zolpidem Tartrate,MN,4,10860
2019,Eszopiclone,MO,1,2066
2019,Zaleplon,MO,1,314
2019,Zolpidem Tartrate,MO,1,9753
2019,Eszopiclone,MO,2,1956
2019,Zaleplon,MO,2,340
2019,Zolpidem Tartrate,MO,2,9270
2019,Eszopiclone,MO,3,2079
2019,Zaleplon,MO,3,372
2019,Zolpidem Tartrate,MO,3,9405
2019,Eszopiclone,MO,4,1895
2019,Zaleplon,MO,4,300
2019,Zolpidem Tartrate,MO,4,8408
2019,Eszopiclone,MS,1,0
2019,Zaleplon,MS,1,19
2019,Zolpidem Tartrate,MS,1,1624
2019,Eszopiclone,MS,2,0
2019,Zaleplon,MS,2,14
2019,Zolpidem Tartrate,MS,2,1508
2019,Eszopiclone,MS,3,0
2019,Zaleplon,MS,3,14
2019,Zolpidem Tartrate,MS,3,1471
2019,Eszopiclone,MS,4,14
2019,Zaleplon,MS,4,32
2019,Zolpidem Tartrate,MS,4,1459
2019,Eszopiclone,MT,1,194
2019,Zaleplon,MT,1,32
2019,Zolpidem Tartrate,MT,1,4029
2019,Eszopiclone,MT,2,185
2019,Zaleplon,MT,2,17
2019,Zolpidem Tartrate,MT,2,3866
2019,Eszopiclone,MT,3,226
2019,Zaleplon,MT,3,19
2019,Zolpidem Tartrate,MT,3,4032
2019,Eszopiclone,MT,4,197
2019,Zaleplon,MT,4,24
2019,Zolpidem Tartrate,MT,4,3662
2019,Eszopiclone,NC,1,592
2019,Zaleplon,NC,1,48
2019,Zolpidem Tartrate,NC,1,11382
2019,Eszopiclone,NC,2,438
2019,Zaleplon,NC,2,16
2019,Zolpidem Tartrate,NC,2,9134
2019,Eszopiclone,NC,3,582
2019,Zaleplon,NC,3,33
2019,Zolpidem Tartrate,NC,3,10289
2019,Eszopiclone,NC,4,599
2019,Zaleplon,NC,4,40
2019,Zolpidem Tartrate,NC,4,9606
2019,Eszopiclone,ND,1,67
2019,Zaleplon,ND,1,0
2019,Zolpidem Tartrate,ND,1,970
2019,Eszopiclone,ND,2,50
2019,Zaleplon,ND,2,0
2019,Zolpidem Tartrate,ND,2,811
2019,Eszopiclone,ND,3,84
2019,Zaleplon,ND,3,17
2019,Zolpidem Tartrate,ND,3,772
2019,Eszopiclone,ND,4,56
2019,Zaleplon,ND,4,13
2019,Zolpidem Tartrate,ND,4,825
2019,Eszopiclone,NE,1,45
2019,Zaleplon,NE,1,167
2019,Zolpidem Tartrate,NE,1,2255
2019,Eszopiclone,NE,2,47
2019,Zaleplon,NE,2,140
2019,Zolpidem Tartrate,NE,2,2134
2019,Eszopiclone,NE,3,50
2019,Zaleplon,NE,3,138
2019,Zolpidem Tartrate,NE,3,2230
2019,Eszopiclone,NE,4,47
2019,Zaleplon,NE,4,81
2019,Zolpidem Tartrate,NE,4,2032
2019,Eszopiclone,NH,1,140
2019,Zaleplon,NH,1,92
2019,Zolpidem Tartrate,NH,1,1966
2019,Eszopiclone,NH,2,132
2019,Zaleplon,NH,2,81
2019,Zolpidem Tartrate,NH,2,1897
2019,Eszopiclone,NH,3,166
2019,Zaleplon,NH,3,61
2019,Zolpidem Tartrate,NH,3,1669
2019,Eszopiclone,NH,4,156
2019,Zaleplon,NH,4,51
2019,Zolpidem Tartrate,NH,4,1411
2019,Eszopiclone,NJ,1,199
2019,Zaleplon,NJ,1,694
2019,Zolpidem Tartrate,NJ,1,22528
2019,Eszopiclone,NJ,2,205
2019,Zaleplon,NJ,2,722
2019,Zolpidem Tartrate,NJ,2,22488
2019,Eszopiclone,NJ,3,172
2019,Zaleplon,NJ,3,719
2019,Zolpidem Tartrate,NJ,3,22231
2019,Eszopiclone,NJ,4,175
2019,Zaleplon,NJ,4,730
2019,Zolpidem Tartrate,NJ,4,21448
2019,Eszopiclone,NM,1,415
2019,Zaleplon,NM,1,107
2019,Zolpidem Tartrate,NM,1,5870
2019,Eszopiclone,NM,2,54
2019,Zaleplon,NM,2,0
2019,Zolpidem Tartrate,NM,2,4563
2019,Eszopiclone,NM,3,411
2019,Zaleplon,NM,3,103
2019,Zolpidem Tartrate,NM,3,5409
2019,Eszopiclone,NM,4,333
2019,Zaleplon,NM,4,76
2019,Zolpidem Tartrate,NM,4,4491
2019,Eszopiclone,NV,1,39
2019,Zaleplon,NV,1,132
2019,Zolpidem Tartrate,NV,1,6960
2019,Eszopiclone,NV,2,43
2019,Zaleplon,NV,2,101
2019,Zolpidem Tartrate,NV,2,6257
2019,Eszopiclone,NV,3,82
2019,Zaleplon,NV,3,157
2019,Zolpidem Tartrate,NV,3,6500
2019,Eszopiclone,NV,4,73
2019,Zaleplon,NV,4,126
2019,Zolpidem Tartrate,NV,4,6359
2019,Eszopiclone,NY,1,1636
2019,Zaleplon,NY,1,1107
2019,Zolpidem Tartrate,NY,1,82675
2019,Eszopiclone,NY,2,1621
2019,Zaleplon,NY,2,990
2019,Zolpidem Tartrate,NY,2,76741
2019,Eszopiclone,NY,3,1693
2019,Zaleplon,NY,3,908
2019,Zolpidem Tartrate,NY,3,74963
2019,Eszopiclone,NY,4,1699
2019,Zaleplon,NY,4,941
2019,Zolpidem Tartrate,NY,4,72231
2019,Eszopiclone,OH,1,1542
2019,Zaleplon,OH,1,898
2019,Zolpidem Tartrate,OH,1,26987
2019,Eszopiclone,OH,2,1354
2019,Zaleplon,OH,2,738
2019,Zolpidem Tartrate,OH,2,26061
2019,Eszopiclone,OH,3,1269
2019,Zaleplon,OH,3,753
2019,Zolpidem Tartrate,OH,3,25155
2019,Eszopiclone,OH,4,1197
2019,Zaleplon,OH,4,724
2019,Zolpidem Tartrate,OH,4,24286
2019,Eszopiclone,OK,1,638
2019,Zaleplon,OK,1,118
2019,Zolpidem Tartrate,OK,1,4012
2019,Eszopiclone,OK,2,588
2019,Zaleplon,OK,2,126
2019,Zolpidem Tartrate,OK,2,3973
2019,Eszopiclone,OK,3,583
2019,Zaleplon,OK,3,77
2019,Zolpidem Tartrate,OK,3,3620
2019,Eszopiclone,OK,4,546
2019,Zaleplon,OK,4,82
2019,Zolpidem Tartrate,OK,4,3671
2019,Eszopiclone,OR,1,30
2019,Zaleplon,OR,1,125
2019,Zolpidem Tartrate,OR,1,4335
2019,Eszopiclone,OR,2,26
2019,Zaleplon,OR,2,121
2019,Zolpidem Tartrate,OR,2,4113
2019,Eszopiclone,OR,3,27
2019,Zaleplon,OR,3,102
2019,Zolpidem Tartrate,OR,3,3808
2019,Eszopiclone,OR,4,20
2019,Zaleplon,OR,4,91
2019,Zolpidem Tartrate,OR,4,3785
2019,Eszopiclone,PA,1,1053
2019,Zaleplon,PA,1,1175
2019,Zolpidem Tartrate,PA,1,35546
2019,Eszopiclone,PA,2,1103
2019,Zaleplon,PA,2,1148
2019,Zolpidem Tartrate,PA,2,33009
2019,Eszopiclone,PA,3,1100
2019,Zaleplon,PA,3,1114
2019,Zolpidem Tartrate,PA,3,30873
2019,Eszopiclone,PA,4,1153
2019,Zaleplon,PA,4,1049
2019,Zolpidem Tartrate,PA,4,30816
2019,Eszopiclone,RI,1,194
2019,Zaleplon,RI,1,147
2019,Zolpidem Tartrate,RI,1,3865
2019,Eszopiclone,RI,2,215
2019,Zaleplon,RI,2,107
2019,Zolpidem Tartrate,RI,2,3873
2019,Eszopiclone,RI,3,178
2019,Zaleplon,RI,3,106
2019,Zolpidem Tartrate,RI,3,3563
2019,Eszopiclone,RI,4,164
2019,Zaleplon,RI,4,85
2019,Zolpidem Tartrate,RI,4,3190
2019,Eszopiclone,SC,1,195
2019,Zaleplon,SC,1,75
2019,Zolpidem Tartrate,SC,1,1726
2019,Eszopiclone,SC,2,172
2019,Zaleplon,SC,2,46
2019,Zolpidem Tartrate,SC,2,1363
2019,Eszopiclone,SC,3,173
2019,Zaleplon,SC,3,44
2019,Zolpidem Tartrate,SC,3,2907
2019,Eszopiclone,SC,4,158
2019,Zaleplon,SC,4,50
2019,Zolpidem Tartrate,SC,4,3178
2019,Eszopiclone,SD,1,83
2019,Zaleplon,SD,1,0
2019,Zolpidem Tartrate,SD,1,620
2019,Eszopiclone,SD,2,74
2019,Zaleplon,SD,2,0
2019,Zolpidem Tartrate,SD,2,503
2019,Eszopiclone,SD,3,72
2019,Zaleplon,SD,3,0
2019,Zolpidem Tartrate,SD,3,450
2019,Eszopiclone,SD,4,54
2019,Zaleplon,SD,4,0
2019,Zolpidem Tartrate,SD,4,388
2019,Eszopiclone,TN,1,220
2019,Zaleplon,TN,1,13
2019,Zolpidem Tartrate,TN,1,1812
2019,Eszopiclone,TN,2,160
2019,Zaleplon,TN,2,18
2019,Zolpidem Tartrate,TN,2,1663
2019,Eszopiclone,TN,3,162
2019,Zaleplon,TN,3,14
2019,Zolpidem Tartrate,TN,3,1523
2019,Eszopiclone,TN,4,162
2019,Zaleplon,TN,4,26
2019,Zolpidem Tartrate,TN,4,1499
2019,Eszopiclone,TX,1,1200
2019,Zaleplon,TX,1,142
2019,Zolpidem Tartrate,TX,1,22050
2019,Eszopiclone,TX,2,1184
2019,Zaleplon,TX,2,126
2019,Zolpidem Tartrate,TX,2,21404
2019,Eszopiclone,TX,3,1211
2019,Zaleplon,TX,3,86
2019,Zolpidem Tartrate,TX,3,20950
2019,Eszopiclone,TX,4,1085
2019,Zaleplon,TX,4,42
2019,Zolpidem Tartrate,TX,4,18814
2019,Eszopiclone,UT,1,209
2019,Zaleplon,UT,1,48
2019,Zolpidem Tartrate,UT,1,3608
2019,Eszopiclone,UT,2,239
2019,Zaleplon,UT,2,102
2019,Zolpidem Tartrate,UT,2,3967
2019,Eszopiclone,UT,3,278
2019,Zaleplon,UT,3,106
2019,Zolpidem Tartrate,UT,3,4019
2019,Eszopiclone,UT,4,228
2019,Zaleplon,UT,4,113
2019,Zolpidem Tartrate,UT,4,4019
2019,Eszopiclone,VA,1,630
2019,Zaleplon,VA,1,96
2019,Zolpidem Tartrate,VA,1,9680
2019,Eszopiclone,VA,2,792
2019,Zaleplon,VA,2,94
2019,Zolpidem Tartrate,VA,2,10346
2019,Eszopiclone,VA,3,804
2019,Zaleplon,VA,3,68
2019,Zolpidem Tartrate,VA,3,10717
2019,Eszopiclone,VA,4,812
2019,Zaleplon,VA,4,66
2019,Zolpidem Tartrate,VA,4,10677
2019,Eszopiclone,VT,1,120
2019,Zaleplon,VT,1,52
2019,Zolpidem Tartrate,VT,1,1683
2019,Eszopiclone,VT,2,127
2019,Zaleplon,VT,2,65
2019,Zolpidem Tartrate,VT,2,1637
2019,Eszopiclone,VT,3,100
2019,Zaleplon,VT,3,67
2019,Zolpidem Tartrate,VT,3,1516
2019,Eszopiclone,VT,4,93
2019,Zaleplon,VT,4,72
2019,Zolpidem Tartrate,VT,4,1520
2019,Eszopiclone,WA,1,464
2019,Zaleplon,WA,1,421
2019,Zolpidem Tartrate,WA,1,13066
2019,Eszopiclone,WA,2,539
2019,Zaleplon,WA,2,393
2019,Zolpidem Tartrate,WA,2,12535
2019,Eszopiclone,WA,3,602
2019,Zaleplon,WA,3,318
2019,Zolpidem Tartrate,WA,3,12547
2019,Eszopiclone,WA,4,594
2019,Zaleplon,WA,4,291
2019,Zolpidem Tartrate,WA,4,11789
2019,Eszopiclone,WI,1,1290
2019,Zaleplon,WI,1,626
2019,Zolpidem Tartrate,WI,1,15330
2019,Eszopiclone,WI,2,1274
2019,Zaleplon,WI,2,561
2019,Zolpidem Tartrate,WI,2,14634
2019,Eszopiclone,WI,3,1240
2019,Zaleplon,WI,3,581
2019,Zolpidem Tartrate,WI,3,14150
2019,Eszopiclone,WI,4,1292
2019,Zaleplon,WI,4,562
2019,Zolpidem Tartrate,WI,4,13754
2019,Eszopiclone,WV,1,19
2019,Zaleplon,WV,1,0
2019,Zolpidem Tartrate,WV,1,3771
2019,Eszopiclone,WV,2,30
2019,Zaleplon,WV,2,0
2019,Zolpidem Tartrate,WV,2,3595
2019,Eszopiclone,WV,3,29
2019,Zaleplon,WV,3,0
2019,Zolpidem Tartrate,WV,3,3321
2019,Eszopiclone,WV,4,13
2019,Zaleplon,WV,4,0
2019,Zolpidem Tartrate,WV,4,3363
2020,Eszopiclone,AK,1,164
2020,Zaleplon,AK,1,39
2020,Zolpidem Tartrate,AK,1,1348
2020,Eszopiclone,AK,2,243
2020,Zaleplon,AK,2,49
2020,Zolpidem Tartrate,AK,2,1604
2020,Eszopiclone,AK,3,208
2020,Zaleplon,AK,3,71
2020,Zolpidem Tartrate,AK,3,1554
2020,Eszopiclone,AK,4,202
2020,Zaleplon,AK,4,49
2020,Zolpidem Tartrate,AK,4,1329
2020,Eszopiclone,AL,1,493
2020,Zaleplon,AL,1,0
2020,Zolpidem Tartrate,AL,1,2377
2020,Eszopiclone,AL,2,496
2020,Zaleplon,AL,2,0
2020,Zolpidem Tartrate,AL,2,2142
2020,Eszopiclone,AL,3,435
2020,Zaleplon,AL,3,0
2020,Zolpidem Tartrate,AL,3,1994
2020,Eszopiclone,AL,4,504
2020,Zaleplon,AL,4,0
2020,Zolpidem Tartrate,AL,4,2108
2020,Eszopiclone,AR,1,0
2020,Zaleplon,AR,1,447
2020,Zolpidem Tartrate,AR,1,4955
2020,Eszopiclone,AR,2,0
2020,Zaleplon,AR,2,436
2020,Zolpidem Tartrate,AR,2,4790
2020,Eszopiclone,AR,3,0
2020,Zaleplon,AR,3,387
2020,Zolpidem Tartrate,AR,3,4844
2020,Eszopiclone,AR,4,0
2020,Zaleplon,AR,4,433
2020,Zolpidem Tartrate,AR,4,5008
2020,Eszopiclone,AZ,1,1125
2020,Zaleplon,AZ,1,172
2020,Zolpidem Tartrate,AZ,1,11063
2020,Eszopiclone,AZ,2,1238
2020,Zaleplon,AZ,2,151
2020,Zolpidem Tartrate,AZ,2,11101
2020,Eszopiclone,AZ,3,1481
2020,Zaleplon,AZ,3,126
2020,Zolpidem Tartrate,AZ,3,11320
2020,Eszopiclone,AZ,4,1124
2020,Zaleplon,AZ,4,88
2020,Zolpidem Tartrate,AZ,4,8666
2020,Eszopiclone,CA,1,2624
2020,Zaleplon,CA,1,574
2020,Zolpidem Tartrate,CA,1,53665
2020,Eszopiclone,CA,2,2875
2020,Zaleplon,CA,2,624
2020,Zolpidem Tartrate,CA,2,54149
2020,Eszopiclone,CA,3,3017
2020,Zaleplon,CA,3,624
2020,Zolpidem Tartrate,CA,3,53810
2020,Eszopiclone,CA,4,2143
2020,Zaleplon,CA,4,460
2020,Zolpidem Tartrate,CA,4,37583
2020,Eszopiclone,CO,1,2487
2020,Zaleplon,CO,1,276
2020,Zolpidem Tartrate,CO,1,9699
2020,Eszopiclone,CO,2,2456
2020,Zaleplon,CO,2,295
2020,Zolpidem Tartrate,CO,2,9825
2020,Eszopiclone,CO,3,2517
2020,Zaleplon,CO,3,300
2020,Zolpidem Tartrate,CO,3,10043
2020,Eszopiclone,CO,4,2402
2020,Zaleplon,CO,4,323
2020,Zolpidem Tartrate,CO,4,9852
2020,Eszopiclone,CT,1,891
2020,Zaleplon,CT,1,37
2020,Zolpidem Tartrate,CT,1,11574
2020,Eszopiclone,CT,2,988
2020,Zaleplon,CT,2,52
2020,Zolpidem Tartrate,CT,2,11958
2020,Eszopiclone,CT,3,883
2020,Zaleplon,CT,3,44
2020,Zolpidem Tartrate,CT,3,11580
2020,Eszopiclone,CT,4,886
2020,Zaleplon,CT,4,50
2020,Zolpidem Tartrate,CT,4,11805
2020,Eszopiclone,DC,1,0
2020,Zaleplon,DC,1,0
2020,Zolpidem Tartrate,DC,1,1436
2020,Eszopiclone,DC,2,14
2020,Zaleplon,DC,2,0
2020,Zolpidem Tartrate,DC,2,1436
2020,Eszopiclone,DC,3,14
2020,Zaleplon,DC,3,0
2020,Zolpidem Tartrate,DC,3,1490
2020,Eszopiclone,DC,4,0
2020,Zaleplon,DC,4,0
2020,Zolpidem Tartrate,DC,4,1084
2020,Eszopiclone,DE,1,125
2020,Zaleplon,DE,1,63
2020,Zolpidem Tartrate,DE,1,2983
2020,Eszopiclone,DE,2,114
2020,Zaleplon,DE,2,65
2020,Zolpidem Tartrate,DE,2,3099
2020,Eszopiclone,DE,3,118
2020,Zaleplon,DE,3,55
2020,Zolpidem Tartrate,DE,3,3109
2020,Eszopiclone,DE,4,75
2020,Zaleplon,DE,4,46
2020,Zolpidem Tartrate,DE,4,2799
2020,Eszopiclone,FL,1,63
2020,Zaleplon,FL,1,147
2020,Zolpidem Tartrate,FL,1,13358
2020,Eszopiclone,FL,2,74
2020,Zaleplon,FL,2,108
2020,Zolpidem Tartrate,FL,2,13576
2020,Eszopiclone,FL,3,71
2020,Zaleplon,FL,3,103
2020,Zolpidem Tartrate,FL,3,13974
2020,Eszopiclone,FL,4,67
2020,Zaleplon,FL,4,186
2020,Zolpidem Tartrate,FL,4,13928
2020,Eszopiclone,HI,1,19
2020,Zolpidem Tartrate,HI,1,2320
2020,Eszopiclone,HI,2,18
2020,Zolpidem Tartrate,HI,2,2351
2020,Eszopiclone,HI,3,17
2020,Zaleplon,HI,3,0
2020,Zolpidem Tartrate,HI,3,2446
2020,Eszopiclone,HI,4,21
2020,Zaleplon,HI,4,0
2020,Zolpidem Tartrate,HI,4,2319
2020,Eszopiclone,IA,1,565
2020,Zaleplon,IA,1,194
2020,Zolpidem Tartrate,IA,1,3156
2020,Eszopiclone,IA,2,562
2020,Zaleplon,IA,2,193
2020,Zolpidem Tartrate,IA,2,3135
2020,Eszopiclone,IA,3,1413
2020,Zaleplon,IA,3,391
2020,Zolpidem Tartrate,IA,3,7799
2020,Eszopiclone,IA,4,1210
2020,Zaleplon,IA,4,350
2020,Zolpidem Tartrate,IA,4,6544
2020,Eszopiclone,ID,1,216
2020,Zaleplon,ID,1,27
2020,Zolpidem Tartrate,ID,1,3806
2020,Eszopiclone,ID,2,317
2020,Zaleplon,ID,2,33
2020,Zolpidem Tartrate,ID,2,4244
2020,Eszopiclone,ID,3,347
2020,Zaleplon,ID,3,22
2020,Zolpidem Tartrate,ID,3,4527
2020,Eszopiclone,ID,4,416
2020,Zaleplon,ID,4,45
2020,Zolpidem Tartrate,ID,4,4712
2020,Eszopiclone,IL,1,261
2020,Zaleplon,IL,1,109
2020,Zolpidem Tartrate,IL,1,15768
2020,Eszopiclone,IL,2,239
2020,Zaleplon,IL,2,87
2020,Zolpidem Tartrate,IL,2,15596
2020,Eszopiclone,IL,3,168
2020,Zaleplon,IL,3,59
2020,Zolpidem Tartrate,IL,3,16563
2020,Eszopiclone,IL,4,75
2020,Zaleplon,IL,4,17
2020,Zolpidem Tartrate,IL,4,9581
2020,Eszopiclone,IN,1,1656
2020,Zaleplon,IN,1,268
2020,Zolpidem Tartrate,IN,1,9803
2020,Eszopiclone,IN,2,1789
2020,Zaleplon,IN,2,223
2020,Zolpidem Tartrate,IN,2,10299
2020,Eszopiclone,IN,3,2002
2020,Zaleplon,IN,3,227
2020,Zolpidem Tartrate,IN,3,10972
2020,Eszopiclone,IN,4,1829
2020,Zaleplon,IN,4,213
2020,Zolpidem Tartrate,IN,4,9976
2020,Eszopiclone,KS,1,168
2020,Zaleplon,KS,1,24
2020,Zolpidem Tartrate,KS,1,2872
2020,Eszopiclone,KS,2,252
2020,Zaleplon,KS,2,44
2020,Zolpidem Tartrate,KS,2,2854
2020,Eszopiclone,KS,3,266
2020,Zaleplon,KS,3,32
2020,Zolpidem Tartrate,KS,3,2797
2020,Eszopiclone,KS,4,68
2020,Zaleplon,KS,4,15
2020,Zolpidem Tartrate,KS,4,1756
2020,Eszopiclone,KY,1,378
2020,Zaleplon,KY,1,65
2020,Zolpidem Tartrate,KY,1,9294
2020,Eszopiclone,KY,2,433
2020,Zaleplon,KY,2,88
2020,Zolpidem Tartrate,KY,2,9394
2020,Eszopiclone,KY,3,441
2020,Zaleplon,KY,3,64
2020,Zolpidem Tartrate,KY,3,9936
2020,Eszopiclone,KY,4,435
2020,Zaleplon,KY,4,73
2020,Zolpidem Tartrate,KY,4,9729
2020,Eszopiclone,LA,1,601
2020,Zaleplon,LA,1,80
2020,Zolpidem Tartrate,LA,1,21072
2020,Eszopiclone,LA,2,720
2020,Zaleplon,LA,2,109
2020,Zolpidem Tartrate,LA,2,21846
2020,Eszopiclone,LA,3,711
2020,Zaleplon,LA,3,80
2020,Zolpidem Tartrate,LA,3,22291
2020,Eszopiclone,LA,4,762
2020,Zaleplon,LA,4,86
2020,Zolpidem Tartrate,LA,4,22925
2020,Eszopiclone,MA,1,660
2020,Zaleplon,MA,1,295
2020,Zolpidem Tartrate,MA,1,16614
2020,Eszopiclone,MA,2,736
2020,Zaleplon,MA,2,273
2020,Zolpidem Tartrate,MA,2,15897
2020,Eszopiclone,MA,3,802
2020,Zaleplon,MA,3,231
2020,Zolpidem Tartrate,MA,3,16124
2020,Eszopiclone,MA,4,880
2020,Zaleplon,MA,4,252
2020,Zolpidem Tartrate,MA,4,16247
2020,Eszopiclone,MD,1,997
2020,Zaleplon,MD,1,223
2020,Zolpidem Tartrate,MD,1,12694
2020,Eszopiclone,MD,2,1287
2020,Zaleplon,MD,2,247
2020,Zolpidem Tartrate,MD,2,13899
2020,Eszopiclone,MD,3,1521
2020,Zaleplon,MD,3,234
2020,Zolpidem Tartrate,MD,3,15360
2020,Eszopiclone,MD,4,1506
2020,Zaleplon,MD,4,211
2020,Zolpidem Tartrate,MD,4,14249
2020,Eszopiclone,ME,1,94
2020,Zaleplon,ME,1,40
2020,Zolpidem Tartrate,ME,1,1886
2020,Eszopiclone,ME,2,127
2020,Zaleplon,ME,2,34
2020,Zolpidem Tartrate,ME,2,1929
2020,Eszopiclone,ME,3,146
2020,Zaleplon,ME,3,56
2020,Zolpidem Tartrate,ME,3,2069
2020,Eszopiclone,ME,4,112
2020,Zaleplon,ME,4,47
2020,Zolpidem Tartrate,ME,4,1982
2020,Eszopiclone,MI,1,716
2020,Zaleplon,MI,1,84
2020,Zolpidem Tartrate,MI,1,14303
2020,Eszopiclone,MI,2,973
2020,Zaleplon,MI,2,98
2020,Zolpidem Tartrate,MI,2,14201
2020,Eszopiclone,MI,3,1192
2020,Zaleplon,MI,3,94
2020,Zolpidem Tartrate,MI,3,14640
2020,Eszopiclone,MI,4,1331
2020,Zaleplon,MI,4,66
2020,Zolpidem Tartrate,MI,4,15209
2020,Eszopiclone,MN,1,2104
2020,Zaleplon,MN,1,772
2020,Zolpidem Tartrate,MN,1,11472
2020,Eszopiclone,MN,2,2119
2020,Zaleplon,MN,2,702
2020,Zolpidem Tartrate,MN,2,10208
2020,Eszopiclone,MN,3,2311
2020,Zaleplon,MN,3,765
2020,Zolpidem Tartrate,MN,3,11580
2020,Eszopiclone,MN,4,2358
2020,Zaleplon,MN,4,733
2020,Zolpidem Tartrate,MN,4,11525
2020,Eszopiclone,MO,1,1864
2020,Zaleplon,MO,1,334
2020,Zolpidem Tartrate,MO,1,8110
2020,Eszopiclone,MO,2,1869
2020,Zaleplon,MO,2,301
2020,Zolpidem Tartrate,MO,2,7583
2020,Eszopiclone,MO,3,2173
2020,Zaleplon,MO,3,339
2020,Zolpidem Tartrate,MO,3,8181
2020,Eszopiclone,MO,4,2104
2020,Zaleplon,MO,4,284
2020,Zolpidem Tartrate,MO,4,7547
2020,Eszopiclone,MS,1,13
2020,Zaleplon,MS,1,17
2020,Zolpidem Tartrate,MS,1,1395
2020,Eszopiclone,MS,2,0
2020,Zaleplon,MS,2,51
2020,Zolpidem Tartrate,MS,2,1393
2020,Eszopiclone,MS,3,0
2020,Zaleplon,MS,3,61
2020,Zolpidem Tartrate,MS,3,1319
2020,Eszopiclone,MS,4,0
2020,Zaleplon,MS,4,41
2020,Zolpidem Tartrate,MS,4,1357
2020,Eszopiclone,MT,1,148
2020,Zaleplon,MT,1,21
2020,Zolpidem Tartrate,MT,1,3644
2020,Eszopiclone,MT,2,170
2020,Zaleplon,MT,2,21
2020,Zolpidem Tartrate,MT,2,3511
2020,Eszopiclone,MT,3,256
2020,Zaleplon,MT,3,18
2020,Zolpidem Tartrate,MT,3,3571
2020,Eszopiclone,MT,4,262
2020,Zaleplon,MT,4,22
2020,Zolpidem Tartrate,MT,4,3477
2020,Eszopiclone,NC,1,364
2020,Zaleplon,NC,1,30
2020,Zolpidem Tartrate,NC,1,6161
2020,Eszopiclone,NC,2,242
2020,Zaleplon,NC,2,0
2020,Zolpidem Tartrate,NC,2,4165
2020,Eszopiclone,NC,3,1209
2020,Zaleplon,NC,3,90
2020,Zolpidem Tartrate,NC,3,17483
2020,Eszopiclone,NC,4,634
2020,Zaleplon,NC,4,44
2020,Zolpidem Tartrate,NC,4,8946
2020,Eszopiclone,ND,1,107
2020,Zaleplon,ND,1,23
2020,Zolpidem Tartrate,ND,1,859
2020,Eszopiclone,ND,2,113
2020,Zaleplon,ND,2,28
2020,Zolpidem Tartrate,ND,2,849
2020,Eszopiclone,ND,3,139
2020,Zaleplon,ND,3,24
2020,Zolpidem Tartrate,ND,3,799
2020,Eszopiclone,ND,4,149
2020,Zaleplon,ND,4,30
2020,Zolpidem Tartrate,ND,4,844
2020,Eszopiclone,NE,1,78
2020,Zaleplon,NE,1,91
2020,Zolpidem Tartrate,NE,1,2033
2020,Eszopiclone,NE,2,43
2020,Zaleplon,NE,2,97
2020,Zolpidem Tartrate,NE,2,2023
2020,Eszopiclone,NE,3,70
2020,Zaleplon,NE,3,78
2020,Zolpidem Tartrate,NE,3,2001
2020,Eszopiclone,NE,4,97
2020,Zaleplon,NE,4,112
2020,Zolpidem Tartrate,NE,4,2044
2020,Eszopiclone,NH,1,173
2020,Zaleplon,NH,1,41
2020,Zolpidem Tartrate,NH,1,1978
2020,Eszopiclone,NH,2,199
2020,Zaleplon,NH,2,46
2020,Zolpidem Tartrate,NH,2,2050
2020,Eszopiclone,NH,3,192
2020,Zaleplon,NH,3,50
2020,Zolpidem Tartrate,NH,3,2133
2020,Eszopiclone,NH,4,259
2020,Zaleplon,NH,4,39
2020,Zolpidem Tartrate,NH,4,2105
2020,Eszopiclone,NJ,1,156
2020,Zaleplon,NJ,1,693
2020,Zolpidem Tartrate,NJ,1,21306
2020,Eszopiclone,NJ,2,150
2020,Zaleplon,NJ,2,694
2020,Zolpidem Tartrate,NJ,2,21266
2020,Eszopiclone,NJ,3,154
2020,Zaleplon,NJ,3,662
2020,Zolpidem Tartrate,NJ,3,22019
2020,Eszopiclone,NJ,4,82
2020,Zaleplon,NJ,4,493
2020,Zolpidem Tartrate,NJ,4,14124
2020,Eszopiclone,NM,1,0
2020,Zolpidem Tartrate,NM,1,100
2020,Eszopiclone,NM,2,472
2020,Zaleplon,NM,2,69
2020,Zolpidem Tartrate,NM,2,5066
2020,Eszopiclone,NM,3,527
2020,Zaleplon,NM,3,79
2020,Zolpidem Tartrate,NM,3,5147
2020,Eszopiclone,NM,4,598
2020,Zaleplon,NM,4,80
2020,Zolpidem Tartrate,NM,4,5047
2020,Eszopiclone,NV,1,55
2020,Zaleplon,NV,1,164
2020,Zolpidem Tartrate,NV,1,6213
2020,Eszopiclone,NV,2,79
2020,Zaleplon,NV,2,140
2020,Zolpidem Tartrate,NV,2,6454
2020,Eszopiclone,NV,3,132
2020,Zaleplon,NV,3,131
2020,Zolpidem Tartrate,NV,3,6771
2020,Eszopiclone,NV,4,125
2020,Zaleplon,NV,4,122
2020,Zolpidem Tartrate,NV,4,6190
2020,Eszopiclone,NY,1,1869
2020,Zaleplon,NY,1,942
2020,Zolpidem Tartrate,NY,1,71077
2020,Eszopiclone,NY,2,2045
2020,Zaleplon,NY,2,877
2020,Zolpidem Tartrate,NY,2,72181
2020,Eszopiclone,NY,3,2186
2020,Zaleplon,NY,3,983
2020,Zolpidem Tartrate,NY,3,73691
2020,Eszopiclone,NY,4,1989
2020,Zaleplon,NY,4,825
2020,Zolpidem Tartrate,NY,4,64052
2020,Eszopiclone,OH,1,1314
2020,Zaleplon,OH,1,752
2020,Zolpidem Tartrate,OH,1,23576
2020,Eszopiclone,OH,2,1308
2020,Zaleplon,OH,2,789
2020,Zolpidem Tartrate,OH,2,23740
2020,Eszopiclone,OH,3,1170
2020,Zaleplon,OH,3,883
2020,Zolpidem Tartrate,OH,3,24428
2020,Eszopiclone,OH,4,703
2020,Zaleplon,OH,4,649
2020,Zolpidem Tartrate,OH,4,16707
2020,Eszopiclone,OK,1,517
2020,Zaleplon,OK,1,73
2020,Zolpidem Tartrate,OK,1,3346
2020,Eszopiclone,OK,2,582
2020,Zaleplon,OK,2,106
2020,Zolpidem Tartrate,OK,2,3433
2020,Eszopiclone,OK,3,689
2020,Zaleplon,OK,3,98
2020,Zolpidem Tartrate,OK,3,3660
2020,Eszopiclone,OK,4,635
2020,Zaleplon,OK,4,88
2020,Zolpidem Tartrate,OK,4,3640
2020,Eszopiclone,OR,1,112
2020,Zaleplon,OR,1,143
2020,Zolpidem Tartrate,OR,1,3768
2020,Eszopiclone,OR,2,133
2020,Zaleplon,OR,2,120
2020,Zolpidem Tartrate,OR,2,3675
2020,Eszopiclone,OR,3,74
2020,Zaleplon,OR,3,80
2020,Zolpidem Tartrate,OR,3,3373
2020,Eszopiclone,OR,4,54
2020,Zaleplon,OR,4,86
2020,Zolpidem Tartrate,OR,4,2647
2020,Eszopiclone,PA,1,1425
2020,Zaleplon,PA,1,967
2020,Zolpidem Tartrate,PA,1,28133
2020,Eszopiclone,PA,2,1658
2020,Zaleplon,PA,2,883
2020,Zolpidem Tartrate,PA,2,27566
2020,Eszopiclone,PA,3,1954
2020,Zaleplon,PA,3,910
2020,Zolpidem Tartrate,PA,3,28502
2020,Eszopiclone,PA,4,1255
2020,Zaleplon,PA,4,522
2020,Zolpidem Tartrate,PA,4,16968
2020,Eszopiclone,RI,1,185
2020,Zaleplon,RI,1,94
2020,Zolpidem Tartrate,RI,1,3367
2020,Eszopiclone,RI,2,188
2020,Zaleplon,RI,2,28
2020,Zolpidem Tartrate,RI,2,3433
2020,Eszopiclone,RI,3,182
2020,Zaleplon,RI,3,58
2020,Zolpidem Tartrate,RI,3,3436
2020,Eszopiclone,RI,4,179
2020,Zaleplon,RI,4,77
2020,Zolpidem Tartrate,RI,4,3497
2020,Eszopiclone,SC,1,165
2020,Zaleplon,SC,1,51
2020,Zolpidem Tartrate,SC,1,2306
2020,Eszopiclone,SC,2,151
2020,Zaleplon,SC,2,29
2020,Zolpidem Tartrate,SC,2,1432
2020,Eszopiclone,SC,3,168
2020,Zaleplon,SC,3,55
2020,Zolpidem Tartrate,SC,3,2691
2020,Eszopiclone,SC,4,126
2020,Zaleplon,SC,4,32
2020,Zolpidem Tartrate,SC,4,1560
2020,Eszopiclone,SD,1,45
2020,Zaleplon,SD,1,0
2020,Zolpidem Tartrate,SD,1,383
2020,Eszopiclone,SD,2,66
2020,Zaleplon,SD,2,0
2020,Zolpidem Tartrate,SD,2,459
2020,Eszopiclone,SD,3,88
2020,Zaleplon,SD,3,0
2020,Zolpidem Tartrate,SD,3,560
2020,Eszopiclone,SD,4,80
2020,Zaleplon,SD,4,0
2020,Zolpidem Tartrate,SD,4,462
2020,Eszopiclone,TN,1,256
2020,Zaleplon,TN,1,71
2020,Zolpidem Tartrate,TN,1,2121
2020,Eszopiclone,TN,2,372
2020,Zaleplon,TN,2,67
2020,Zolpidem Tartrate,TN,2,2317
2020,Eszopiclone,TN,3,428
2020,Zaleplon,TN,3,68
2020,Zolpidem Tartrate,TN,3,2506
2020,Eszopiclone,TN,4,508
2020,Zaleplon,TN,4,43
2020,Zolpidem Tartrate,TN,4,2721
2020,Eszopiclone,TX,1,1012
2020,Zaleplon,TX,1,65
2020,Zolpidem Tartrate,TX,1,17438
2020,Eszopiclone,TX,2,996
2020,Zaleplon,TX,2,49
2020,Zolpidem Tartrate,TX,2,16885
2020,Eszopiclone,TX,3,1229
2020,Zaleplon,TX,3,77
2020,Zolpidem Tartrate,TX,3,16503
2020,Eszopiclone,TX,4,1461
2020,Zaleplon,TX,4,104
2020,Zolpidem Tartrate,TX,4,16141
2020,Eszopiclone,UT,1,381
2020,Zaleplon,UT,1,137
2020,Zolpidem Tartrate,UT,1,4273
2020,Eszopiclone,UT,2,463
2020,Zaleplon,UT,2,166
2020,Zolpidem Tartrate,UT,2,4628
2020,Eszopiclone,UT,3,466
2020,Zaleplon,UT,3,104
2020,Zolpidem Tartrate,UT,3,4304
2020,Eszopiclone,UT,4,517
2020,Zaleplon,UT,4,111
2020,Zolpidem Tartrate,UT,4,4295
2020,Eszopiclone,VA,1,985
2020,Zaleplon,VA,1,101
2020,Zolpidem Tartrate,VA,1,11234
2020,Eszopiclone,VA,2,1001
2020,Zaleplon,VA,2,123
2020,Zolpidem Tartrate,VA,2,11488
2020,Eszopiclone,VA,3,1072
2020,Zaleplon,VA,3,98
2020,Zolpidem Tartrate,VA,3,12076
2020,Eszopiclone,VA,4,1097
2020,Zaleplon,VA,4,122
2020,Zolpidem Tartrate,VA,4,11930
2020,Eszopiclone,VT,1,84
2020,Zaleplon,VT,1,64
2020,Zolpidem Tartrate,VT,1,1448
2020,Eszopiclone,VT,2,89
2020,Zaleplon,VT,2,77
2020,Zolpidem Tartrate,VT,2,1562
2020,Eszopiclone,VT,3,86
2020,Zaleplon,VT,3,77
2020,Zolpidem Tartrate,VT,3,1574
2020,Eszopiclone,VT,4,75
2020,Zaleplon,VT,4,62
2020,Zolpidem Tartrate,VT,4,1612
2020,Eszopiclone,WA,1,609
2020,Zaleplon,WA,1,246
2020,Zolpidem Tartrate,WA,1,12359
2020,Eszopiclone,WA,2,637
2020,Zaleplon,WA,2,230
2020,Zolpidem Tartrate,WA,2,12298
2020,Eszopiclone,WA,3,647
2020,Zaleplon,WA,3,197
2020,Zolpidem Tartrate,WA,3,12425
2020,Eszopiclone,WA,4,581
2020,Zaleplon,WA,4,209
2020,Zolpidem Tartrate,WA,4,11540
2020,Eszopiclone,WI,1,1349
2020,Zaleplon,WI,1,554
2020,Zolpidem Tartrate,WI,1,13828
2020,Eszopiclone,WI,2,1513
2020,Zaleplon,WI,2,555
2020,Zolpidem Tartrate,WI,2,13625
2020,Eszopiclone,WI,3,1576
2020,Zaleplon,WI,3,569
2020,Zolpidem Tartrate,WI,3,13860
2020,Eszopiclone,WI,4,1730
2020,Zaleplon,WI,4,565
2020,Zolpidem Tartrate,WI,4,13714
2020,Eszopiclone,WV,1,0
2020,Zaleplon,WV,1,0
2020,Zolpidem Tartrate,WV,1,3056
2020,Eszopiclone,WV,2,0
2020,Zaleplon,WV,2,0
2020,Zolpidem Tartrate,WV,2,2845
2020,Eszopiclone,WV,3,0
2020,Zolpidem Tartrate,WV,3,2925
2020,Eszopiclone,WV,4,0
2020,Zolpidem Tartrate,WV,4,2787
2020,Eszopiclone,WY,1,14
2020,Zaleplon,WY,1,0
2020,Zolpidem Tartrate,WY,1,353
2020,Eszopiclone,WY,2,0
2020,Zaleplon,WY,2,0
2020,Zolpidem Tartrate,WY,2,333
2020,Eszopiclone,WY,3,0
2020,Zaleplon,WY,3,0
2020,Zolpidem Tartrate,WY,3,366
2020,Eszopiclone,WY,4,0
2020,Zaleplon,WY,4,0
2020,Zolpidem Tartrate,WY,4,336
