state,year,quarter,suppression_used,total_prescriptions
ak,2017,1,FALSE,2634
ak,2017,1,TRUE,0
ak,2017,2,FALSE,2707
ak,2017,2,TRUE,0
ak,2017,3,FALSE,2819
ak,2017,3,TRUE,0
ak,2017,4,FALSE,2466
ak,2017,4,TRUE,0
ak,2018,1,FALSE,2514
ak,2018,1,TRUE,0
ak,2018,2,FALSE,1804
ak,2018,2,TRUE,0
ak,2018,3,FALSE,2819
ak,2018,3,TRUE,0
ak,2018,4,FALSE,2122
ak,2018,4,TRUE,0
ak,2019,1,FALSE,2191
ak,2019,1,TRUE,0
ak,2019,2,FALSE,2056
ak,2019,2,TRUE,0
ak,2019,3,FALSE,1926
ak,2019,3,TRUE,0
ak,2019,4,FALSE,1681
ak,2019,4,TRUE,0
ak,2020,1,NA,1551
al,2017,1,FALSE,4349
al,2017,1,TRUE,0
al,2017,2,FALSE,4059
al,2017,2,TRUE,0
al,2017,3,FALSE,4056
al,2017,3,TRUE,0
al,2017,4,FALSE,3980
al,2017,4,TRUE,0
al,2018,1,FALSE,3860
al,2018,1,TRUE,0
al,2018,2,FALSE,3621
al,2018,2,TRUE,0
al,2018,3,FALSE,3579
al,2018,3,TRUE,0
al,2018,4,FALSE,3513
al,2018,4,TRUE,0
al,2019,1,FALSE,3425
al,2019,1,TRUE,0
al,2019,2,FALSE,3264
al,2019,2,TRUE,0
al,2019,3,FALSE,2712
al,2019,3,TRUE,0
al,2019,4,FALSE,2751
al,2019,4,TRUE,0
al,2020,1,NA,2870
ar,2017,1,FALSE,7490
ar,2017,1,TRUE,0
ar,2017,2,FALSE,7331
ar,2017,2,TRUE,0
ar,2017,3,FALSE,7413
ar,2017,3,TRUE,0
ar,2017,4,FALSE,6906
ar,2017,4,TRUE,0
ar,2018,1,FALSE,6761
ar,2018,1,TRUE,0
ar,2018,2,FALSE,6562
ar,2018,2,TRUE,0
ar,2018,3,FALSE,6460
ar,2018,3,TRUE,0
ar,2018,4,FALSE,6524
ar,2018,4,TRUE,0
ar,2019,1,FALSE,6140
ar,2019,1,TRUE,0
ar,2019,2,FALSE,6077
ar,2019,2,TRUE,0
ar,2019,3,FALSE,5606
ar,2019,3,TRUE,0
ar,2019,4,FALSE,5222
ar,2019,4,TRUE,0
ar,2020,1,NA,5102
az,2017,1,FALSE,20045
az,2017,1,TRUE,0
az,2017,2,FALSE,19872
az,2017,2,TRUE,0
az,2017,3,FALSE,18869
az,2017,3,TRUE,0
az,2017,4,FALSE,17600
az,2017,4,TRUE,0
az,2018,1,FALSE,17014
az,2018,1,TRUE,0
az,2018,2,FALSE,15879
az,2018,2,TRUE,0
az,2018,3,FALSE,14923
az,2018,3,TRUE,0
az,2018,4,FALSE,14148
az,2018,4,TRUE,0
az,2019,1,FALSE,13963
az,2019,1,TRUE,0
az,2019,2,FALSE,13311
az,2019,2,TRUE,0
az,2019,3,FALSE,12621
az,2019,3,TRUE,0
az,2019,4,FALSE,11983
az,2019,4,TRUE,0
az,2020,1,NA,12360
ca,2017,1,FALSE,94263
ca,2017,1,TRUE,0
ca,2017,2,FALSE,91649
ca,2017,2,TRUE,0
ca,2017,3,FALSE,80196
ca,2017,3,TRUE,0
ca,2017,4,FALSE,84275
ca,2017,4,TRUE,0
ca,2018,1,FALSE,80871
ca,2018,1,TRUE,0
ca,2018,2,FALSE,73494
ca,2018,2,TRUE,0
ca,2018,3,FALSE,69610
ca,2018,3,TRUE,0
ca,2018,4,FALSE,71070
ca,2018,4,TRUE,0
ca,2019,1,FALSE,65911
ca,2019,1,TRUE,0
ca,2019,2,FALSE,63956
ca,2019,2,TRUE,0
ca,2019,3,FALSE,60876
ca,2019,3,TRUE,0
ca,2019,4,FALSE,58665
ca,2019,4,TRUE,0
ca,2020,1,NA,56781
co,2017,1,FALSE,19207
co,2017,1,TRUE,0
co,2017,2,FALSE,18715
co,2017,2,TRUE,0
co,2017,3,FALSE,18249
co,2017,3,TRUE,0
co,2017,4,FALSE,17173
co,2017,4,TRUE,0
co,2018,1,FALSE,16274
co,2018,1,TRUE,0
co,2018,2,FALSE,15807
co,2018,2,TRUE,0
co,2018,3,FALSE,14677
co,2018,3,TRUE,0
co,2018,4,FALSE,15280
co,2018,4,TRUE,0
co,2019,1,FALSE,12781
co,2019,1,TRUE,0
co,2019,2,FALSE,13058
co,2019,2,TRUE,0
co,2019,3,FALSE,13407
co,2019,3,TRUE,0
co,2019,4,FALSE,12056
co,2019,4,TRUE,0
co,2020,1,NA,12462
ct,2017,1,FALSE,16983
ct,2017,1,TRUE,0
ct,2017,2,FALSE,16506
ct,2017,2,TRUE,0
ct,2017,3,FALSE,15987
ct,2017,3,TRUE,0
ct,2017,4,FALSE,15667
ct,2017,4,TRUE,0
ct,2018,1,FALSE,15346
ct,2018,1,TRUE,0
ct,2018,2,FALSE,14963
ct,2018,2,TRUE,0
ct,2018,3,FALSE,14452
ct,2018,3,TRUE,0
ct,2018,4,FALSE,14301
ct,2018,4,TRUE,0
ct,2019,1,FALSE,14190
ct,2019,1,TRUE,0
ct,2019,2,FALSE,13747
ct,2019,2,TRUE,0
ct,2019,3,FALSE,13065
ct,2019,3,TRUE,0
ct,2019,4,FALSE,12682
ct,2019,4,TRUE,0
ct,2020,1,NA,12502
dc,2017,1,FALSE,2127
dc,2017,1,TRUE,0
dc,2017,2,FALSE,2093
dc,2017,2,TRUE,0
dc,2017,3,FALSE,1873
dc,2017,3,TRUE,0
dc,2017,4,FALSE,1921
dc,2017,4,TRUE,0
dc,2018,1,FALSE,1768
dc,2018,1,TRUE,0
dc,2018,2,FALSE,1694
dc,2018,2,TRUE,0
dc,2018,3,FALSE,1635
dc,2018,3,TRUE,0
dc,2018,4,FALSE,1696
dc,2018,4,TRUE,0
dc,2019,1,FALSE,1598
dc,2019,1,TRUE,0
dc,2019,2,FALSE,1529
dc,2019,2,TRUE,0
dc,2019,3,FALSE,1539
dc,2019,3,TRUE,0
dc,2019,4,FALSE,1445
dc,2019,4,TRUE,0
dc,2020,1,NA,1418
de,2017,1,FALSE,4115
de,2017,1,TRUE,0
de,2017,2,FALSE,4529
de,2017,2,TRUE,0
de,2017,3,FALSE,4088
de,2017,3,TRUE,0
de,2017,4,FALSE,3815
de,2017,4,TRUE,0
de,2018,1,FALSE,3990
de,2018,1,TRUE,0
de,2018,2,FALSE,3928
de,2018,2,TRUE,0
de,2018,3,FALSE,3525
de,2018,3,TRUE,0
de,2018,4,FALSE,3419
de,2018,4,TRUE,0
de,2019,1,FALSE,3329
de,2019,1,TRUE,0
de,2019,2,FALSE,3391
de,2019,2,TRUE,0
de,2019,3,FALSE,3344
de,2019,3,TRUE,0
de,2019,4,FALSE,3181
de,2019,4,TRUE,0
de,2020,1,NA,3173
fl,2017,1,FALSE,24780
fl,2017,1,TRUE,0
fl,2017,2,FALSE,29854
fl,2017,2,TRUE,0
fl,2017,3,FALSE,24974
fl,2017,3,TRUE,0
fl,2017,4,FALSE,24131
fl,2017,4,TRUE,0
fl,2018,1,FALSE,23774
fl,2018,1,TRUE,0
fl,2018,2,FALSE,23040
fl,2018,2,TRUE,0
fl,2018,3,FALSE,20945
fl,2018,3,TRUE,0
fl,2018,4,FALSE,19439
fl,2018,4,TRUE,0
fl,2019,1,FALSE,15716
fl,2019,1,TRUE,0
fl,2019,2,FALSE,15465
fl,2019,2,TRUE,0
fl,2019,3,FALSE,14450
fl,2019,3,TRUE,0
fl,2019,4,FALSE,13897
fl,2019,4,TRUE,0
fl,2020,1,NA,13568
hi,2017,1,FALSE,4235
hi,2017,1,TRUE,0
hi,2017,2,FALSE,3873
hi,2017,2,TRUE,0
hi,2017,3,FALSE,3071
hi,2017,3,TRUE,0
hi,2017,4,FALSE,2720
hi,2017,4,TRUE,0
hi,2018,1,FALSE,3272
hi,2018,1,TRUE,0
hi,2018,2,FALSE,3182
hi,2018,2,TRUE,0
hi,2018,3,FALSE,2803
hi,2018,3,TRUE,0
hi,2018,4,FALSE,2402
hi,2018,4,TRUE,0
hi,2019,1,FALSE,2530
hi,2019,1,TRUE,0
hi,2019,2,FALSE,2303
hi,2019,2,TRUE,0
hi,2019,3,FALSE,2315
hi,2019,3,TRUE,0
hi,2019,4,FALSE,2237
hi,2019,4,TRUE,0
hi,2020,1,NA,2339
ia,2017,1,FALSE,3260
ia,2017,1,TRUE,0
ia,2017,2,FALSE,3642
ia,2017,2,TRUE,0
ia,2017,3,FALSE,4181
ia,2017,3,TRUE,0
ia,2017,4,FALSE,5444
ia,2017,4,TRUE,0
ia,2018,1,FALSE,4743
ia,2018,1,TRUE,0
ia,2018,2,FALSE,4749
ia,2018,2,TRUE,0
ia,2018,3,FALSE,4420
ia,2018,3,TRUE,0
ia,2018,4,FALSE,4493
ia,2018,4,TRUE,0
ia,2019,1,FALSE,4474
ia,2019,1,TRUE,0
ia,2019,2,FALSE,4366
ia,2019,2,TRUE,0
ia,2019,3,FALSE,4231
ia,2019,3,TRUE,0
ia,2019,4,FALSE,3988
ia,2019,4,TRUE,0
ia,2020,1,NA,3915
id,2017,1,FALSE,3772
id,2017,1,TRUE,0
id,2017,2,FALSE,3642
id,2017,2,TRUE,0
id,2017,3,FALSE,3428
id,2017,3,TRUE,0
id,2017,4,FALSE,3450
id,2017,4,TRUE,0
id,2018,1,FALSE,3373
id,2018,1,TRUE,0
id,2018,2,FALSE,3154
id,2018,2,TRUE,0
id,2018,3,FALSE,3019
id,2018,3,TRUE,0
id,2018,4,FALSE,3242
id,2018,4,TRUE,0
id,2019,1,FALSE,2735
id,2019,1,TRUE,0
id,2019,2,FALSE,2927
id,2019,2,TRUE,0
id,2019,3,FALSE,3087
id,2019,3,TRUE,0
id,2019,4,FALSE,2699
id,2019,4,TRUE,0
id,2020,1,NA,4049
il,2017,1,FALSE,28392
il,2017,1,TRUE,0
il,2017,2,FALSE,17816
il,2017,2,TRUE,0
il,2017,3,FALSE,17129
il,2017,3,TRUE,0
il,2017,4,FALSE,16488
il,2017,4,TRUE,0
il,2018,1,FALSE,15597
il,2018,1,TRUE,0
il,2018,2,FALSE,17375
il,2018,2,TRUE,0
il,2018,3,FALSE,17781
il,2018,3,TRUE,0
il,2018,4,FALSE,17639
il,2018,4,TRUE,0
il,2019,1,FALSE,17290
il,2019,1,TRUE,0
il,2019,2,FALSE,17223
il,2019,2,TRUE,0
il,2019,3,FALSE,17334
il,2019,3,TRUE,0
il,2019,4,FALSE,16833
il,2019,4,TRUE,0
il,2020,1,NA,16137
in,2017,1,FALSE,14693
in,2017,1,TRUE,0
in,2017,2,FALSE,14228
in,2017,2,TRUE,0
in,2017,3,FALSE,13882
in,2017,3,TRUE,0
in,2017,4,FALSE,13807
in,2017,4,TRUE,0
in,2018,1,FALSE,13623
in,2018,1,TRUE,0
in,2018,2,FALSE,13016
in,2018,2,TRUE,0
in,2018,3,FALSE,12614
in,2018,3,TRUE,0
in,2018,4,FALSE,12348
in,2018,4,TRUE,0
in,2019,1,FALSE,12065
in,2019,1,TRUE,0
in,2019,2,FALSE,11903
in,2019,2,TRUE,0
in,2019,3,FALSE,11727
in,2019,3,TRUE,0
in,2019,4,FALSE,11624
in,2019,4,TRUE,0
in,2020,1,NA,11727
ks,2017,1,FALSE,4491
ks,2017,1,TRUE,0
ks,2017,2,FALSE,10724
ks,2017,2,TRUE,0
ks,2017,3,FALSE,3779
ks,2017,3,TRUE,0
ks,2017,4,FALSE,3769
ks,2017,4,TRUE,0
ks,2018,1,FALSE,3970
ks,2018,1,TRUE,0
ks,2018,2,FALSE,3840
ks,2018,2,TRUE,0
ks,2018,3,FALSE,3591
ks,2018,3,TRUE,0
ks,2018,4,FALSE,3519
ks,2018,4,TRUE,0
ks,2019,1,FALSE,3353
ks,2019,1,TRUE,0
ks,2019,2,FALSE,3289
ks,2019,2,TRUE,0
ks,2019,3,FALSE,3169
ks,2019,3,TRUE,0
ks,2019,4,FALSE,3052
ks,2019,4,TRUE,0
ks,2020,1,NA,3062
ky,2017,1,FALSE,13541
ky,2017,1,TRUE,0
ky,2017,2,FALSE,13497
ky,2017,2,TRUE,0
ky,2017,3,FALSE,13201
ky,2017,3,TRUE,0
ky,2017,4,FALSE,12933
ky,2017,4,TRUE,0
ky,2018,1,FALSE,12676
ky,2018,1,TRUE,0
ky,2018,2,FALSE,12092
ky,2018,2,TRUE,0
ky,2018,3,FALSE,11828
ky,2018,3,TRUE,0
ky,2018,4,FALSE,11692
ky,2018,4,TRUE,0
ky,2019,1,FALSE,11029
ky,2019,1,TRUE,0
ky,2019,2,FALSE,10418
ky,2019,2,TRUE,0
ky,2019,3,FALSE,10240
ky,2019,3,TRUE,0
ky,2019,4,FALSE,9725
ky,2019,4,TRUE,0
ky,2020,1,NA,9737
la,2017,1,FALSE,22739
la,2017,1,TRUE,0
la,2017,2,FALSE,25815
la,2017,2,TRUE,0
la,2017,3,FALSE,23793
la,2017,3,TRUE,0
la,2017,4,FALSE,23765
la,2017,4,TRUE,0
la,2018,1,FALSE,23711
la,2018,1,TRUE,0
la,2018,2,FALSE,24293
la,2018,2,TRUE,0
la,2018,3,FALSE,24404
la,2018,3,TRUE,0
la,2018,4,FALSE,24332
la,2018,4,TRUE,0
la,2019,1,FALSE,24120
la,2019,1,TRUE,0
la,2019,2,FALSE,22510
la,2019,2,TRUE,0
la,2019,3,FALSE,22415
la,2019,3,TRUE,0
la,2019,4,FALSE,21561
la,2019,4,TRUE,0
la,2020,1,NA,21740
ma,2017,1,FALSE,20563
ma,2017,1,TRUE,0
ma,2017,2,FALSE,21554
ma,2017,2,TRUE,0
ma,2017,3,FALSE,19025
ma,2017,3,TRUE,0
ma,2017,4,FALSE,18500
ma,2017,4,TRUE,0
ma,2018,1,FALSE,18854
ma,2018,1,TRUE,0
ma,2018,2,FALSE,19663
ma,2018,2,TRUE,0
ma,2018,3,FALSE,17426
ma,2018,3,TRUE,0
ma,2018,4,FALSE,18603
ma,2018,4,TRUE,0
ma,2019,1,FALSE,17031
ma,2019,1,TRUE,0
ma,2019,2,FALSE,18764
ma,2019,2,TRUE,0
ma,2019,3,FALSE,16598
ma,2019,3,TRUE,0
ma,2019,4,FALSE,16694
ma,2019,4,TRUE,0
ma,2020,1,NA,17562
md,2017,1,FALSE,21084
md,2017,1,TRUE,0
md,2017,2,FALSE,20284
md,2017,2,TRUE,0
md,2017,3,FALSE,18191
md,2017,3,TRUE,0
md,2017,4,FALSE,19436
md,2017,4,TRUE,0
md,2018,1,FALSE,19125
md,2018,1,TRUE,0
md,2018,2,FALSE,18080
md,2018,2,TRUE,0
md,2018,3,FALSE,17476
md,2018,3,TRUE,0
md,2018,4,FALSE,16915
md,2018,4,TRUE,0
md,2019,1,FALSE,17070
md,2019,1,TRUE,0
md,2019,2,FALSE,16144
md,2019,2,TRUE,0
md,2019,3,FALSE,14462
md,2019,3,TRUE,0
md,2019,4,FALSE,15462
md,2019,4,TRUE,0
md,2020,1,NA,13914
me,2017,1,FALSE,2398
me,2017,1,TRUE,0
me,2017,2,FALSE,2360
me,2017,2,TRUE,0
me,2017,3,FALSE,2194
me,2017,3,TRUE,0
me,2017,4,FALSE,2154
me,2017,4,TRUE,0
me,2018,1,FALSE,1967
me,2018,1,TRUE,0
me,2018,2,FALSE,2096
me,2018,2,TRUE,0
me,2018,3,FALSE,1883
me,2018,3,TRUE,0
me,2018,4,FALSE,1756
me,2018,4,TRUE,0
me,2019,1,FALSE,1690
me,2019,1,TRUE,0
me,2019,2,FALSE,1940
me,2019,2,TRUE,0
me,2019,3,FALSE,1992
me,2019,3,TRUE,0
me,2019,4,FALSE,1961
me,2019,4,TRUE,0
me,2020,1,NA,2020
mi,2017,1,FALSE,23969
mi,2017,1,TRUE,0
mi,2017,2,FALSE,25244
mi,2017,2,TRUE,0
mi,2017,3,FALSE,24951
mi,2017,3,TRUE,0
mi,2017,4,FALSE,22700
mi,2017,4,TRUE,0
mi,2018,1,FALSE,22205
mi,2018,1,TRUE,0
mi,2018,2,FALSE,20352
mi,2018,2,TRUE,0
mi,2018,3,FALSE,18631
mi,2018,3,TRUE,0
mi,2018,4,FALSE,17643
mi,2018,4,TRUE,0
mi,2019,1,FALSE,17385
mi,2019,1,TRUE,0
mi,2019,2,FALSE,15971
mi,2019,2,TRUE,0
mi,2019,3,FALSE,15144
mi,2019,3,TRUE,0
mi,2019,4,FALSE,14584
mi,2019,4,TRUE,0
mn,2017,1,FALSE,17921
mn,2017,1,TRUE,0
mn,2017,2,FALSE,18992
mn,2017,2,TRUE,0
mn,2017,3,FALSE,18140
mn,2017,3,TRUE,0
mn,2017,4,FALSE,18256
mn,2017,4,TRUE,0
mn,2018,1,FALSE,17029
mn,2018,1,TRUE,0
mn,2018,2,FALSE,16936
mn,2018,2,TRUE,0
mn,2018,3,FALSE,15432
mn,2018,3,TRUE,0
mn,2018,4,FALSE,15424
mn,2018,4,TRUE,0
mn,2019,1,FALSE,14383
mn,2019,1,TRUE,0
mn,2019,2,FALSE,14671
mn,2019,2,TRUE,0
mn,2019,3,FALSE,13803
mn,2019,3,TRUE,0
mn,2019,4,FALSE,13597
mn,2019,4,TRUE,0
mn,2020,1,NA,14348
mo,2017,1,FALSE,16389
mo,2017,1,TRUE,0
mo,2017,2,FALSE,15421
mo,2017,2,TRUE,0
mo,2017,3,FALSE,15911
mo,2017,3,TRUE,0
mo,2017,4,FALSE,15122
mo,2017,4,TRUE,0
mo,2018,1,FALSE,14577
mo,2018,1,TRUE,0
mo,2018,2,FALSE,14012
mo,2018,2,TRUE,0
mo,2018,3,FALSE,13207
mo,2018,3,TRUE,0
mo,2018,4,FALSE,12627
mo,2018,4,TRUE,0
mo,2019,1,FALSE,12133
mo,2019,1,TRUE,0
mo,2019,2,FALSE,11566
mo,2019,2,TRUE,0
mo,2019,3,FALSE,11856
mo,2019,3,TRUE,0
mo,2019,4,FALSE,10603
mo,2019,4,TRUE,0
mo,2020,1,NA,10294
ms,2017,1,FALSE,2352
ms,2017,1,TRUE,0
ms,2017,2,FALSE,2290
ms,2017,2,TRUE,0
ms,2017,3,FALSE,2142
ms,2017,3,TRUE,0
ms,2017,4,FALSE,2026
ms,2017,4,TRUE,0
ms,2018,1,FALSE,2084
ms,2018,1,TRUE,0
ms,2018,2,FALSE,1954
ms,2018,2,TRUE,0
ms,2018,3,FALSE,1835
ms,2018,3,TRUE,0
ms,2018,4,FALSE,1656
ms,2018,4,TRUE,0
ms,2019,1,FALSE,1643
ms,2019,1,TRUE,0
ms,2019,2,FALSE,1522
ms,2019,2,TRUE,0
ms,2019,3,FALSE,1485
ms,2019,3,TRUE,0
ms,2019,4,FALSE,1505
ms,2019,4,TRUE,0
ms,2020,1,NA,1425
mt,2017,1,FALSE,4240
mt,2017,1,TRUE,0
mt,2017,2,FALSE,4442
mt,2017,2,TRUE,0
mt,2017,3,FALSE,4332
mt,2017,3,TRUE,0
mt,2017,4,FALSE,4605
mt,2017,4,TRUE,0
mt,2018,1,FALSE,4292
mt,2018,1,TRUE,0
mt,2018,2,FALSE,4679
mt,2018,2,TRUE,0
mt,2018,3,FALSE,4100
mt,2018,3,TRUE,0
mt,2018,4,FALSE,4792
mt,2018,4,TRUE,0
mt,2019,1,FALSE,4255
mt,2019,1,TRUE,0
mt,2019,2,FALSE,4068
mt,2019,2,TRUE,0
mt,2019,3,FALSE,4278
mt,2019,3,TRUE,0
mt,2019,4,FALSE,3883
mt,2019,4,TRUE,0
mt,2020,1,NA,3813
nc,2017,1,FALSE,18217
nc,2017,1,TRUE,0
nc,2017,2,FALSE,14566
nc,2017,2,TRUE,0
nc,2017,3,FALSE,15769
nc,2017,3,TRUE,0
nc,2017,4,FALSE,12911
nc,2017,4,TRUE,0
nc,2018,1,FALSE,14194
nc,2018,1,TRUE,0
nc,2018,2,FALSE,11345
nc,2018,2,TRUE,0
nc,2018,3,FALSE,12919
nc,2018,3,TRUE,0
nc,2018,4,FALSE,10588
nc,2018,4,TRUE,0
nc,2019,1,FALSE,12023
nc,2019,1,TRUE,0
nc,2019,2,FALSE,9588
nc,2019,2,TRUE,0
nc,2019,3,FALSE,10904
nc,2019,3,TRUE,0
nc,2019,4,FALSE,10245
nc,2019,4,TRUE,0
nc,2020,1,NA,6540
nd,2017,1,FALSE,1525
nd,2017,1,TRUE,0
nd,2017,2,FALSE,1532
nd,2017,2,TRUE,0
nd,2017,3,FALSE,1406
nd,2017,3,TRUE,0
nd,2017,4,FALSE,1439
nd,2017,4,TRUE,0
nd,2018,1,FALSE,1304
nd,2018,1,TRUE,0
nd,2018,2,FALSE,1246
nd,2018,2,TRUE,0
nd,2018,3,FALSE,1055
nd,2018,3,TRUE,0
nd,2018,4,FALSE,1186
nd,2018,4,TRUE,0
nd,2019,1,FALSE,1037
nd,2019,1,TRUE,0
nd,2019,2,FALSE,861
nd,2019,2,TRUE,0
nd,2019,3,FALSE,996
nd,2019,3,TRUE,0
nd,2019,4,FALSE,894
nd,2019,4,TRUE,0
nd,2020,1,NA,989
ne,2017,1,FALSE,3596
ne,2017,1,TRUE,0
ne,2017,2,FALSE,3114
ne,2017,2,TRUE,0
ne,2017,3,FALSE,3195
ne,2017,3,TRUE,0
ne,2017,4,FALSE,3139
ne,2017,4,TRUE,0
ne,2018,1,FALSE,3624
ne,2018,1,TRUE,0
ne,2018,2,FALSE,3679
ne,2018,2,TRUE,0
ne,2018,3,FALSE,3225
ne,2018,3,TRUE,0
ne,2018,4,FALSE,3032
ne,2018,4,TRUE,0
ne,2019,1,FALSE,2467
ne,2019,1,TRUE,0
ne,2019,2,FALSE,2321
ne,2019,2,TRUE,0
ne,2019,3,FALSE,2418
ne,2019,3,TRUE,0
ne,2019,4,FALSE,2160
ne,2019,4,TRUE,0
ne,2020,1,NA,2202
nh,2017,1,FALSE,1279
nh,2017,1,TRUE,0
nh,2017,2,FALSE,1285
nh,2017,2,TRUE,0
nh,2017,3,FALSE,1229
nh,2017,3,TRUE,0
nh,2017,4,FALSE,1260
nh,2017,4,TRUE,0
nh,2018,1,FALSE,1169
nh,2018,1,TRUE,0
nh,2018,2,FALSE,1172
nh,2018,2,TRUE,0
nh,2018,3,FALSE,1077
nh,2018,3,TRUE,0
nh,2018,4,FALSE,1405
nh,2018,4,TRUE,0
nh,2019,1,FALSE,2198
nh,2019,1,TRUE,0
nh,2019,2,FALSE,2110
nh,2019,2,TRUE,0
nh,2019,3,FALSE,1896
nh,2019,3,TRUE,0
nh,2019,4,FALSE,1618
nh,2019,4,TRUE,0
nh,2020,1,NA,2190
nj,2017,1,FALSE,30154
nj,2017,1,TRUE,0
nj,2017,2,FALSE,28997
nj,2017,2,TRUE,0
nj,2017,3,FALSE,28193
nj,2017,3,TRUE,0
nj,2017,4,FALSE,27161
nj,2017,4,TRUE,0
nj,2018,1,FALSE,26415
nj,2018,1,TRUE,0
nj,2018,2,FALSE,25748
nj,2018,2,TRUE,0
nj,2018,3,FALSE,25246
nj,2018,3,TRUE,0
nj,2018,4,FALSE,24436
nj,2018,4,TRUE,0
nj,2019,1,FALSE,23421
nj,2019,1,TRUE,0
nj,2019,2,FALSE,23415
nj,2019,2,TRUE,0
nj,2019,3,FALSE,23121
nj,2019,3,TRUE,0
nj,2019,4,FALSE,22351
nj,2019,4,TRUE,0
nj,2020,1,NA,22152
nm,2017,1,FALSE,8856
nm,2017,1,TRUE,0
nm,2017,2,FALSE,8441
nm,2017,2,TRUE,0
nm,2017,3,FALSE,8117
nm,2017,3,TRUE,0
nm,2017,4,FALSE,7203
nm,2017,4,TRUE,0
nm,2018,1,FALSE,7908
nm,2018,1,TRUE,0
nm,2018,2,FALSE,7019
nm,2018,2,TRUE,0
nm,2018,3,FALSE,7106
nm,2018,3,TRUE,0
nm,2018,4,FALSE,6202
nm,2018,4,TRUE,0
nm,2019,1,FALSE,6392
nm,2019,1,TRUE,0
nm,2019,2,FALSE,4617
nm,2019,2,TRUE,0
nm,2019,3,FALSE,5923
nm,2019,3,TRUE,0
nm,2019,4,FALSE,4900
nm,2019,4,TRUE,0
nm,2020,1,NA,100
nv,2017,1,FALSE,11184
nv,2017,1,TRUE,0
nv,2017,2,FALSE,10685
nv,2017,2,TRUE,0
nv,2017,3,FALSE,10100
nv,2017,3,TRUE,0
nv,2017,4,FALSE,9509
nv,2017,4,TRUE,0
nv,2018,1,FALSE,9004
nv,2018,1,TRUE,0
nv,2018,2,FALSE,8512
nv,2018,2,TRUE,0
nv,2018,3,FALSE,7778
nv,2018,3,TRUE,0
nv,2018,4,FALSE,7460
nv,2018,4,TRUE,0
nv,2019,1,FALSE,7131
nv,2019,1,TRUE,0
nv,2019,2,FALSE,6387
nv,2019,2,TRUE,0
nv,2019,3,FALSE,6740
nv,2019,3,TRUE,0
nv,2019,4,FALSE,6575
nv,2019,4,TRUE,0
nv,2020,1,NA,6432
ny,2017,1,FALSE,101593
ny,2017,1,TRUE,0
ny,2017,2,FALSE,104245
ny,2017,2,TRUE,0
ny,2017,3,FALSE,97946
ny,2017,3,TRUE,0
ny,2017,4,FALSE,92738
ny,2017,4,TRUE,0
ny,2018,1,FALSE,94040
ny,2018,1,TRUE,0
ny,2018,2,FALSE,87774
ny,2018,2,TRUE,0
ny,2018,3,FALSE,85992
ny,2018,3,TRUE,0
ny,2018,4,FALSE,84472
ny,2018,4,TRUE,0
ny,2019,1,FALSE,85395
ny,2019,1,TRUE,0
ny,2019,2,FALSE,79265
ny,2019,2,TRUE,0
ny,2019,3,FALSE,77557
ny,2019,3,TRUE,0
ny,2019,4,FALSE,74863
ny,2019,4,TRUE,0
ny,2020,1,NA,73894
oh,2017,1,FALSE,46644
oh,2017,1,TRUE,0
oh,2017,2,FALSE,54706
oh,2017,2,TRUE,0
oh,2017,3,FALSE,39237
oh,2017,3,TRUE,0
oh,2017,4,FALSE,37549
oh,2017,4,TRUE,0
oh,2018,1,FALSE,35750
oh,2018,1,TRUE,0
oh,2018,2,FALSE,36461
oh,2018,2,TRUE,0
oh,2018,3,FALSE,31964
oh,2018,3,TRUE,0
oh,2018,4,FALSE,30512
oh,2018,4,TRUE,0
oh,2019,1,FALSE,29427
oh,2019,1,TRUE,0
oh,2019,2,FALSE,28153
oh,2019,2,TRUE,0
oh,2019,3,FALSE,27177
oh,2019,3,TRUE,0
oh,2019,4,FALSE,26207
oh,2019,4,TRUE,0
oh,2020,1,NA,25592
ok,2017,1,FALSE,6674
ok,2017,1,TRUE,0
ok,2017,2,FALSE,6459
ok,2017,2,TRUE,0
ok,2017,3,FALSE,6159
ok,2017,3,TRUE,0
ok,2017,4,FALSE,6115
ok,2017,4,TRUE,0
ok,2018,1,FALSE,5624
ok,2018,1,TRUE,0
ok,2018,2,FALSE,5540
ok,2018,2,TRUE,0
ok,2018,3,FALSE,5137
ok,2018,3,TRUE,0
ok,2018,4,FALSE,5048
ok,2018,4,TRUE,0
ok,2019,1,FALSE,4768
ok,2019,1,TRUE,0
ok,2019,2,FALSE,4687
ok,2019,2,TRUE,0
ok,2019,3,FALSE,4280
ok,2019,3,TRUE,0
ok,2019,4,FALSE,4299
ok,2019,4,TRUE,0
ok,2020,1,NA,3936
or,2017,1,FALSE,6236
or,2017,1,TRUE,0
or,2017,2,FALSE,8453
or,2017,2,TRUE,0
or,2017,3,FALSE,5500
or,2017,3,TRUE,0
or,2017,4,FALSE,5342
or,2017,4,TRUE,0
or,2018,1,FALSE,5226
or,2018,1,TRUE,0
or,2018,2,FALSE,5150
or,2018,2,TRUE,0
or,2018,3,FALSE,4822
or,2018,3,TRUE,0
or,2018,4,FALSE,4746
or,2018,4,TRUE,0
or,2019,1,FALSE,4490
or,2019,1,TRUE,0
or,2019,2,FALSE,4260
or,2019,2,TRUE,0
or,2019,3,FALSE,3937
or,2019,3,TRUE,0
or,2019,4,FALSE,3896
or,2019,4,TRUE,0
or,2020,1,NA,4021
pa,2017,1,FALSE,52225
pa,2017,1,TRUE,0
pa,2017,2,FALSE,67126
pa,2017,2,TRUE,0
pa,2017,3,FALSE,47877
pa,2017,3,TRUE,0
pa,2017,4,FALSE,46448
pa,2017,4,TRUE,0
pa,2018,1,FALSE,46112
pa,2018,1,TRUE,0
pa,2018,2,FALSE,44227
pa,2018,2,TRUE,0
pa,2018,3,FALSE,42362
pa,2018,3,TRUE,0
pa,2018,4,FALSE,40871
pa,2018,4,TRUE,0
pa,2019,1,FALSE,37774
pa,2019,1,TRUE,0
pa,2019,2,FALSE,35260
pa,2019,2,TRUE,0
pa,2019,3,FALSE,33088
pa,2019,3,TRUE,0
pa,2019,4,FALSE,33018
pa,2019,4,TRUE,0
pa,2020,1,NA,30665
ri,2017,1,FALSE,5016
ri,2017,1,TRUE,0
ri,2017,2,FALSE,5147
ri,2017,2,TRUE,0
ri,2017,3,FALSE,5154
ri,2017,3,TRUE,0
ri,2017,4,FALSE,4775
ri,2017,4,TRUE,0
ri,2018,1,FALSE,4738
ri,2018,1,TRUE,0
ri,2018,2,FALSE,4578
ri,2018,2,TRUE,0
ri,2018,3,FALSE,4623
ri,2018,3,TRUE,0
ri,2018,4,FALSE,4464
ri,2018,4,TRUE,0
ri,2019,1,FALSE,4206
ri,2019,1,TRUE,0
ri,2019,2,FALSE,4195
ri,2019,2,TRUE,0
ri,2019,3,FALSE,3847
ri,2019,3,TRUE,0
ri,2019,4,FALSE,3419
ri,2019,4,TRUE,0
ri,2020,1,NA,3646
sc,2017,1,FALSE,4251
sc,2017,1,TRUE,0
sc,2017,2,FALSE,4082
sc,2017,2,TRUE,0
sc,2017,3,FALSE,4687
sc,2017,3,TRUE,0
sc,2017,4,FALSE,4876
sc,2017,4,TRUE,0
sc,2018,1,FALSE,5010
sc,2018,1,TRUE,0
sc,2018,2,FALSE,3028
sc,2018,2,TRUE,0
sc,2018,3,FALSE,2751
sc,2018,3,TRUE,0
sc,2018,4,FALSE,2727
sc,2018,4,TRUE,0
sc,2019,1,FALSE,1996
sc,2019,1,TRUE,0
sc,2019,2,FALSE,1581
sc,2019,2,TRUE,0
sc,2019,3,FALSE,3124
sc,2019,3,TRUE,0
sc,2019,4,FALSE,3386
sc,2019,4,TRUE,0
sc,2020,1,NA,2522
sd,2017,1,FALSE,917
sd,2017,1,TRUE,0
sd,2017,2,FALSE,825
sd,2017,2,TRUE,0
sd,2017,3,FALSE,765
sd,2017,3,TRUE,0
sd,2017,4,FALSE,832
sd,2017,4,TRUE,0
sd,2018,1,FALSE,829
sd,2018,1,TRUE,0
sd,2018,2,FALSE,831
sd,2018,2,TRUE,0
sd,2018,3,FALSE,750
sd,2018,3,TRUE,0
sd,2018,4,FALSE,700
sd,2018,4,TRUE,0
sd,2019,1,FALSE,703
sd,2019,1,TRUE,0
sd,2019,2,FALSE,577
sd,2019,2,TRUE,0
sd,2019,3,FALSE,522
sd,2019,3,TRUE,0
sd,2019,4,FALSE,442
sd,2019,4,TRUE,0
sd,2020,1,NA,428
tn,2017,1,FALSE,3968
tn,2017,1,TRUE,0
tn,2017,2,FALSE,3440
tn,2017,2,TRUE,0
tn,2017,3,FALSE,3296
tn,2017,3,TRUE,0
tn,2017,4,FALSE,3147
tn,2017,4,TRUE,0
tn,2018,1,FALSE,2777
tn,2018,1,TRUE,0
tn,2018,2,FALSE,2526
tn,2018,2,TRUE,0
tn,2018,3,FALSE,2400
tn,2018,3,TRUE,0
tn,2018,4,FALSE,2175
tn,2018,4,TRUE,0
tn,2019,1,FALSE,2045
tn,2019,1,TRUE,0
tn,2019,2,FALSE,1841
tn,2019,2,TRUE,0
tn,2019,3,FALSE,1699
tn,2019,3,TRUE,0
tn,2019,4,FALSE,1687
tn,2019,4,TRUE,0
tn,2020,1,NA,2448
tx,2017,1,FALSE,30647
tx,2017,1,TRUE,0
tx,2017,2,FALSE,29538
tx,2017,2,TRUE,0
tx,2017,3,FALSE,29084
tx,2017,3,TRUE,0
tx,2017,4,FALSE,28179
tx,2017,4,TRUE,0
tx,2018,1,FALSE,27080
tx,2018,1,TRUE,0
tx,2018,2,FALSE,26232
tx,2018,2,TRUE,0
tx,2018,3,FALSE,25163
tx,2018,3,TRUE,0
tx,2018,4,FALSE,24202
tx,2018,4,TRUE,0
tx,2019,1,FALSE,23392
tx,2019,1,TRUE,0
tx,2019,2,FALSE,22714
tx,2019,2,TRUE,0
tx,2019,3,FALSE,22247
tx,2019,3,TRUE,0
tx,2019,4,FALSE,19941
tx,2019,4,TRUE,0
tx,2020,1,NA,18515
ut,2017,1,FALSE,5031
ut,2017,1,TRUE,0
ut,2017,2,FALSE,5040
ut,2017,2,TRUE,0
ut,2017,3,FALSE,4926
ut,2017,3,TRUE,0
ut,2017,4,FALSE,4538
ut,2017,4,TRUE,0
ut,2018,1,FALSE,4533
ut,2018,1,TRUE,0
ut,2018,2,FALSE,4400
ut,2018,2,TRUE,0
ut,2018,3,FALSE,4053
ut,2018,3,TRUE,0
ut,2018,4,FALSE,4013
ut,2018,4,TRUE,0
ut,2019,1,FALSE,3865
ut,2019,1,TRUE,0
ut,2019,2,FALSE,4308
ut,2019,2,TRUE,0
ut,2019,3,FALSE,4403
ut,2019,3,TRUE,0
ut,2019,4,FALSE,4360
ut,2019,4,TRUE,0
ut,2020,1,NA,4791
va,2017,1,FALSE,9776
va,2017,1,TRUE,0
va,2017,2,FALSE,9075
va,2017,2,TRUE,0
va,2017,3,FALSE,9049
va,2017,3,TRUE,0
va,2017,4,FALSE,8694
va,2017,4,TRUE,0
va,2018,1,FALSE,9020
va,2018,1,TRUE,0
va,2018,2,FALSE,8182
va,2018,2,TRUE,0
va,2018,3,FALSE,8171
va,2018,3,TRUE,0
va,2018,4,FALSE,8003
va,2018,4,TRUE,0
va,2019,1,FALSE,10417
va,2019,1,TRUE,0
va,2019,2,FALSE,11250
va,2019,2,TRUE,0
va,2019,3,FALSE,11599
va,2019,3,TRUE,0
va,2019,4,FALSE,11568
va,2019,4,TRUE,0
va,2020,1,NA,12321
vt,2017,1,FALSE,2725
vt,2017,1,TRUE,0
vt,2017,2,FALSE,2638
vt,2017,2,TRUE,0
vt,2017,3,FALSE,2494
vt,2017,3,TRUE,0
vt,2017,4,FALSE,2461
vt,2017,4,TRUE,0
vt,2018,1,FALSE,2417
vt,2018,1,TRUE,0
vt,2018,2,FALSE,2233
vt,2018,2,TRUE,0
vt,2018,3,FALSE,2033
vt,2018,3,TRUE,0
vt,2018,4,FALSE,1937
vt,2018,4,TRUE,0
vt,2019,1,FALSE,1855
vt,2019,1,TRUE,0
vt,2019,2,FALSE,1829
vt,2019,2,TRUE,0
vt,2019,3,FALSE,1683
vt,2019,3,TRUE,0
vt,2019,4,FALSE,1685
vt,2019,4,TRUE,0
vt,2020,1,NA,1596
wa,2017,1,FALSE,18959
wa,2017,1,TRUE,0
wa,2017,2,FALSE,17553
wa,2017,2,TRUE,0
wa,2017,3,FALSE,22818
wa,2017,3,TRUE,0
wa,2017,4,FALSE,16559
wa,2017,4,TRUE,0
wa,2018,1,FALSE,16623
wa,2018,1,TRUE,0
wa,2018,2,FALSE,15829
wa,2018,2,TRUE,0
wa,2018,3,FALSE,15181
wa,2018,3,TRUE,0
wa,2018,4,FALSE,14783
wa,2018,4,TRUE,0
wa,2019,1,FALSE,13951
wa,2019,1,TRUE,0
wa,2019,2,FALSE,13468
wa,2019,2,TRUE,0
wa,2019,3,FALSE,13467
wa,2019,3,TRUE,0
wa,2019,4,FALSE,12674
wa,2019,4,TRUE,0
wa,2020,1,NA,13212
wi,2017,1,FALSE,21612
wi,2017,1,TRUE,0
wi,2017,2,FALSE,20675
wi,2017,2,TRUE,0
wi,2017,3,FALSE,19562
wi,2017,3,TRUE,0
wi,2017,4,FALSE,19189
wi,2017,4,TRUE,0
wi,2018,1,FALSE,18991
wi,2018,1,TRUE,0
wi,2018,2,FALSE,18100
wi,2018,2,TRUE,0
wi,2018,3,FALSE,17283
wi,2018,3,TRUE,0
wi,2018,4,FALSE,17149
wi,2018,4,TRUE,0
wi,2019,1,FALSE,17246
wi,2019,1,TRUE,0
wi,2019,2,FALSE,16469
wi,2019,2,TRUE,0
wi,2019,3,FALSE,15971
wi,2019,3,TRUE,0
wi,2019,4,FALSE,15610
wi,2019,4,TRUE,0
wi,2020,1,NA,15737
wv,2017,1,FALSE,9612
wv,2017,1,TRUE,0
wv,2017,2,FALSE,10231
wv,2017,2,TRUE,0
wv,2017,3,FALSE,4150
wv,2017,3,TRUE,0
wv,2017,4,FALSE,5620
wv,2017,4,TRUE,0
wv,2018,1,FALSE,5057
wv,2018,1,TRUE,0
wv,2018,2,FALSE,4599
wv,2018,2,TRUE,0
wv,2018,3,FALSE,4288
wv,2018,3,TRUE,0
wv,2018,4,FALSE,4005
wv,2018,4,TRUE,0
wv,2019,1,FALSE,3790
wv,2019,1,TRUE,0
wv,2019,2,FALSE,3625
wv,2019,2,TRUE,0
wv,2019,3,FALSE,3350
wv,2019,3,TRUE,0
wv,2019,4,FALSE,3376
wv,2019,4,TRUE,0
wv,2020,1,NA,3056
wy,2017,1,FALSE,508
wy,2017,1,TRUE,0
wy,2017,2,FALSE,492
wy,2017,2,TRUE,0
wy,2017,3,FALSE,417
wy,2017,3,TRUE,0
wy,2017,4,FALSE,413
wy,2017,4,TRUE,0
wy,2018,1,FALSE,397
wy,2018,1,TRUE,0
wy,2018,2,FALSE,378
wy,2018,2,TRUE,0
wy,2018,3,FALSE,403
wy,2018,3,TRUE,0
wy,2018,4,FALSE,375
wy,2018,4,TRUE,0
wy,2019,1,FALSE,333
wy,2019,1,TRUE,0
wy,2019,2,FALSE,415
wy,2019,2,TRUE,0
wy,2019,3,FALSE,320
wy,2019,3,TRUE,0
wy,2019,4,FALSE,346
wy,2019,4,TRUE,0
wy,2020,1,NA,367
